fecha,positivo,positivo_rapida,positivo_molecular,positivo_antigenica,muestra,muestra_rapida,muestra_molecular,muestra_antigenica,sintomaticos,defunciones,inicio,inicio_molecular,inicio_rapida,inicio_antigenica,recuperado,total_positivo,total_positivo_rapida,total_positivo_molecular,total_positivo_antigenica,total_muestra,total_muestra_rapida,total_muestra_molecular,total_muestra_antigenica,total_recuperado,total_sintomaticos,total_defunciones,total_inicio,total_inicio_molecular,total_inicio_rapida,total_inicio_antigenica,posi,posi_rapida,posi_molecular,posi_antigenica,dias,primera_ola_positivo,segunda_ola_positivo,primera_ola_defunciones,segunda_ola_defunciones,primera_ola_tasamolecular,segunda_ola_tasamolecular
2020-03-13,0,0,0,0,2,0,2,0,0,0,,,,,,0,0,0,0,2,0,2,0,0,0,0,0,0,0,0,0,,0,,1,0,157,5,5,0,0
2020-03-14,0,0,0,0,1,1,0,0,0,0,,,,,,0,0,0,0,3,1,2,0,0,0,0,0,0,0,0,0,0,,,2,0,322,7,8,.0072463769,1
2020-03-15,0,0,0,0,18,3,15,0,0,0,,,,,,0,0,0,0,21,4,17,0,0,0,0,0,0,0,0,0,0,0,,3,0,215,1,6,.01775148,.028571429
2020-03-16,0,0,0,0,2,0,2,0,0,0,,,,,,0,0,0,0,23,4,19,0,0,0,0,0,0,0,0,0,,0,,4,0,47,2,7,,
2020-03-17,0,0,0,0,2,0,1,0,0,1,,,,,,0,0,0,0,25,4,20,0,0,0,1,0,0,0,0,0,,0,,5,0,221,2,12,.02247191,0
2020-03-18,0,0,0,0,10,0,10,0,0,0,2,2,2,0,,0,0,0,0,35,4,30,0,0,0,1,2,2,2,0,0,,0,,6,0,329,2,9,.010989011,.044444446
2020-03-19,1,0,1,0,4,2,2,0,1,0,1,1,1,0,,1,0,1,0,39,6,32,0,0,1,1,3,3,3,0,.25,0,.5,,7,0,427,3,10,.02919708,.017241379
2020-03-20,1,1,0,0,13,2,11,0,0,0,1,1,1,0,,2,1,1,0,52,8,43,0,0,1,1,4,4,4,0,.07692308,.5,0,,8,0,273,2,3,.030612245,.022727273
2020-03-21,0,0,0,0,10,0,10,0,0,0,,,,,,2,1,1,0,62,8,53,0,0,1,1,4,4,4,0,0,,0,,9,0,385,2,11,.031914894,
2020-03-22,1,1,0,0,3,1,2,0,0,0,,,,,,3,2,1,0,65,9,55,0,0,1,1,4,4,4,0,.33333334,1,0,,10,0,404,2,8,.039215688,1
2020-03-23,0,0,0,0,15,0,15,0,0,0,1,1,1,0,,3,2,1,0,80,9,70,0,0,1,1,5,5,5,0,0,,0,,11,0,55,5,12,,1
2020-03-24,0,0,0,0,9,0,8,0,0,1,1,1,1,0,,3,2,1,0,89,9,78,0,0,1,2,6,6,6,0,0,,0,,12,0,193,3,14,.036363635,1
2020-03-25,1,1,0,0,2,2,0,0,0,0,4,4,4,0,,4,3,1,0,91,11,78,0,0,1,2,10,10,10,0,.5,.5,,,13,0,111,2,12,.02247191,1
2020-03-26,0,0,0,0,1,0,1,0,0,0,,,,,,4,3,1,0,92,11,79,0,0,1,2,10,10,10,0,0,,0,,14,0,138,1,8,.045977011,1
2020-03-27,1,0,1,0,17,0,16,0,1,1,,,,,1,5,3,2,0,109,11,95,0,1,2,3,10,10,10,0,.05882353,,.0625,,15,0,92,2,13,.027777778,1
2020-03-28,2,0,2,0,16,1,15,0,2,0,,,,,,7,3,4,0,125,12,110,0,1,4,3,10,10,10,0,.125,0,.13333334,,16,0,32,1,11,.026666667,1
2020-03-29,0,0,0,0,1,1,0,0,0,0,,,,,,7,3,4,0,126,13,110,0,1,4,3,10,10,10,0,0,0,,,17,0,101,1,10,.018181818,1
2020-03-30,2,0,2,0,20,3,17,0,2,0,,,,,,9,3,6,0,146,16,127,0,1,6,3,10,10,10,0,.1,0,.11764706,,18,0,47,2,13,1,
2020-03-31,0,0,0,0,21,0,21,0,0,0,1,1,1,0,,9,3,6,0,167,16,148,0,1,6,3,11,11,11,0,0,,0,,19,0,187,3,13,.040540539,1
2020-04-01,1,1,0,0,3,3,0,0,0,0,,,,,1,10,4,6,0,170,19,148,0,2,6,3,11,11,11,0,.33333334,.33333334,,,20,0,213,2,13,.034482758,1
2020-04-02,3,1,2,0,12,3,8,0,2,1,2,2,2,0,1,13,5,8,0,182,22,156,0,3,8,4,13,13,13,0,.25,.33333334,.25,,21,0,114,1,8,0,1
2020-04-03,1,0,1,0,15,1,14,0,1,0,,,,,,14,5,9,0,197,23,170,0,3,9,4,13,13,13,0,.06666667,0,.071428575,,22,0,93,2,13,.011764706,1
2020-04-04,8,7,1,0,153,148,5,0,2,0,,,,,,22,12,10,0,350,171,175,0,3,11,4,13,13,13,0,.052287582,.047297299,.2,,23,0,0,1,9,.12121212,1
2020-04-05,0,0,0,0,35,20,15,0,0,0,,,,,1,22,12,10,0,385,191,190,0,4,11,4,13,13,13,0,0,0,0,,24,0,3,2,16,0,.99038464
2020-04-06,1,1,0,0,16,11,5,0,0,0,,,,,,23,13,10,0,401,202,195,0,4,11,4,13,13,13,0,.0625,.090909094,0,,25,0,5,3,15,.5,1
2020-04-07,1,1,0,0,34,30,4,0,0,0,1,1,1,0,,24,14,10,0,435,232,199,0,4,11,4,14,14,14,0,.029411765,.033333335,0,,26,0,35,7,28,.037037037,1
2020-04-08,6,3,3,0,19,9,10,0,5,0,,,,,1,30,17,13,0,454,241,209,0,5,16,4,14,14,14,0,.31578946,.33333334,.30000001,,27,0,30,0,12,.038961038,1
2020-04-09,1,0,1,0,47,39,8,0,1,0,,,,,,31,17,14,0,501,280,217,0,5,17,4,14,14,14,0,.021276595,0,.125,,28,0,58,1,12,.022727273,1
2020-04-10,3,3,0,0,17,17,0,0,0,0,,,,,1,34,20,14,0,518,297,217,0,6,17,4,14,14,14,0,.17647059,.17647059,,,29,0,37,1,11,.016129032,1
2020-04-11,38,38,0,0,79,73,6,0,2,0,,,,,7,72,58,14,0,597,370,223,0,13,19,4,14,14,14,0,.48101267,.52054793,0,,30,0,49,2,15,.025974026,1
2020-04-12,0,0,0,0,7,7,0,0,0,0,,,,,,72,58,14,0,604,377,223,0,13,19,4,14,14,14,0,0,0,,,31,0,35,4,14,.030303031,1
2020-04-13,0,0,0,0,46,40,6,0,0,0,,,,,2,72,58,14,0,650,417,229,0,15,19,4,14,14,14,0,0,0,0,,32,0,2,2,16,0,1
2020-04-14,4,3,1,0,30,23,7,0,1,0,,,,,1,76,61,15,0,680,440,236,0,16,20,4,14,14,14,0,.13333334,.13043478,.14285715,,33,0,44,1,10,.11428571,1
2020-04-15,1,1,0,0,155,155,0,0,0,0,,,,,3,77,62,15,0,835,595,236,0,19,20,4,14,14,14,0,.0064516128,.0064516128,,,34,0,56,0,18,.029411765,1
2020-04-16,6,6,0,0,425,421,4,0,0,0,,,,,3,83,68,15,0,1260,1016,240,0,22,20,4,14,14,14,0,.014117647,.014251782,0,,35,0,76,1,9,.028169014,1
2020-04-17,10,10,0,0,372,367,5,0,0,0,,,,,3,93,78,15,0,1632,1383,245,0,25,20,4,14,14,14,0,.026881721,.027247956,0,,36,0,275,0,15,.069767445,1
2020-04-18,16,16,0,0,606,583,23,0,2,0,,,,,35,109,94,15,0,2238,1966,268,0,60,22,4,14,14,14,0,.026402641,.027444255,0,,37,0,469,2,20,.11764706,1
2020-04-19,0,0,0,0,326,326,0,0,0,0,,,,,,109,94,15,0,2564,2292,268,0,60,22,4,14,14,14,0,0,0,,,38,0,348,1,22,.095238097,1
2020-04-20,21,21,0,0,696,694,2,0,5,0,1,1,1,0,1,130,115,15,0,3260,2986,270,0,61,27,4,15,15,15,0,.030172413,.030259365,0,,39,0,95,2,17,,1
2020-04-21,7,7,0,0,464,453,11,0,3,0,,,,,3,137,122,15,0,3724,3439,281,0,64,30,4,15,15,15,0,.015086207,.015452539,0,,40,0,339,2,22,0,1
2020-04-22,19,19,0,0,461,457,3,0,3,1,,,,,4,156,141,15,0,4185,3896,284,0,68,33,5,15,15,15,0,.041214749,.041575491,0,,41,0,312,0,17,.11666667,1
2020-04-23,22,21,1,0,302,300,2,0,1,0,,,,,6,178,162,16,0,4487,4196,286,0,74,34,5,15,15,15,0,.072847679,.07,.5,,42,0,384,0,14,.016393442,1
2020-04-24,11,11,0,0,360,330,30,0,3,0,1,1,1,0,10,189,173,16,0,4847,4526,316,0,84,37,5,16,16,16,0,.030555556,.033333335,0,,43,0,357,3,20,.040816326,1
2020-04-25,14,14,0,0,234,227,7,0,1,0,1,1,1,0,19,203,187,16,0,5081,4753,323,0,103,38,5,17,17,17,0,.05982906,.06167401,0,,44,0,364,0,24,.033333335,1
2020-04-26,0,0,0,0,18,11,7,0,0,0,,,,,,203,187,16,0,5099,4764,330,0,103,38,5,17,17,17,0,0,0,0,,45,0,325,1,13,.051282052,1
2020-04-27,17,16,1,0,239,226,13,0,3,0,1,1,1,0,18,220,203,17,0,5338,4990,343,0,121,41,5,18,18,18,0,.071129709,.07079646,.07692308,,46,0,108,4,17,,1
2020-04-28,25,24,1,0,199,188,11,0,3,0,,,,,6,245,227,18,0,5537,5178,354,0,127,44,5,18,18,18,0,.12562814,.12765957,.090909094,,47,0,339,1,23,.071428575,.98076922
2020-04-29,28,27,1,0,420,396,24,0,9,0,1,1,1,0,9,273,254,19,0,5957,5574,378,0,136,53,5,19,19,19,0,.06666667,.06818182,.041666668,,48,0,327,3,14,.086956523,1
2020-04-30,43,42,1,0,409,398,11,0,12,0,1,1,1,0,11,316,296,20,0,6366,5972,389,0,147,65,5,20,20,20,0,.10513447,.10552764,.090909094,,49,0,510,2,21,.12903225,1
2020-05-01,5,5,0,0,90,66,24,0,1,0,,,,,6,321,301,20,0,6456,6038,413,0,153,66,5,20,20,20,0,.055555556,.075757578,0,,50,0,431,0,26,0,1
2020-05-02,17,16,1,0,163,159,4,0,5,0,,,,,14,338,317,21,0,6619,6197,417,0,167,71,5,20,20,20,0,.10429448,.10062893,.25,,51,0,454,1,15,.027777778,1
2020-05-03,3,3,0,0,44,44,0,0,1,0,,,,,,341,320,21,0,6663,6241,417,0,167,72,5,20,20,20,0,.06818182,.06818182,,,52,0,365,2,13,.033333335,1
2020-05-04,12,12,0,0,426,407,19,0,3,0,,,,,18,353,332,21,0,7089,6648,436,0,185,75,5,20,20,20,0,.028169014,.02948403,0,,53,0,226,3,12,.088235296,
2020-05-05,34,33,1,0,622,599,23,0,4,0,,,,,26,387,365,22,0,7711,7247,459,0,211,79,5,20,20,20,0,.05466238,.055091821,.043478262,,54,0,459,2,21,.023809524,1
2020-05-06,52,52,0,0,830,823,7,0,5,0,,,,,28,439,417,22,0,8541,8070,466,0,239,84,5,20,20,20,0,.062650606,.063183472,0,,55,0,394,1,13,.033707865,1
2020-05-07,44,44,0,0,546,538,7,0,4,1,,,,,51,483,461,22,0,9087,8608,473,0,290,88,6,20,20,20,0,.080586083,.08178439,0,,56,0,357,1,22,.0087719299,1
2020-05-08,68,68,0,0,667,654,13,0,9,0,,,,,8,551,529,22,0,9754,9262,486,0,298,97,6,20,20,20,0,.10194903,.10397553,0,,57,0,382,0,23,0,1
2020-05-09,13,13,0,0,322,308,14,0,1,0,,,,,16,564,542,22,0,10076,9570,500,0,314,98,6,20,20,20,0,.04037267,.042207792,0,,58,0,405,3,13,0,1
2020-05-10,2,2,0,0,98,97,1,0,1,0,,,,,3,566,544,22,0,10174,9667,501,0,317,99,6,20,20,20,0,.020408163,.020618556,0,,59,0,324,3,15,0,1
2020-05-11,64,64,0,0,847,832,15,0,6,0,,,,,11,630,608,22,0,11021,10499,516,0,328,105,6,20,20,20,0,.075560801,.07692308,0,,60,0,144,2,15,0,
2020-05-12,44,43,1,0,724,695,29,0,2,0,,,,,18,674,651,23,0,11745,11194,545,0,346,107,6,20,20,20,0,.060773481,.061870504,.034482758,,61,0,452,3,12,.0046511628,1
2020-05-13,72,71,1,0,1139,1130,7,0,7,2,,,,,41,746,722,24,0,12884,12324,552,0,387,114,8,20,20,20,0,.063213348,.062831856,.14285715,,62,0,418,0,15,.0093023255,1
2020-05-14,40,40,0,0,412,392,20,0,6,0,,,,,24,786,762,24,0,13296,12716,572,0,411,120,8,20,20,20,0,.097087376,.10204082,0,,63,0,416,0,18,.0098522166,1
2020-05-15,11,11,0,0,434,421,11,0,3,2,,,,,33,797,773,24,0,13730,13137,583,0,444,123,10,20,20,20,0,.025345622,.026128266,0,,64,0,365,0,17,.021582734,1
2020-05-16,18,18,0,0,347,324,23,0,1,0,,,,,9,815,791,24,0,14077,13461,606,0,453,124,10,20,20,20,0,.0518732,.055555556,0,,65,0,372,2,9,.034482758,1
2020-05-17,1,1,0,0,62,62,0,0,0,0,,,,,1,816,792,24,0,14139,13523,606,0,454,124,10,20,20,20,0,.016129032,.016129032,,,66,0,361,4,19,0,1
2020-05-18,20,20,0,0,345,334,11,0,2,0,,,,,50,836,812,24,0,14484,13857,617,0,504,126,10,20,20,20,0,.057971016,.059880238,0,,67,0,78,3,21,,1
2020-05-19,52,52,0,0,923,905,17,0,4,1,1,1,1,0,37,888,864,24,0,15407,14762,634,0,541,130,11,21,21,21,0,.056338027,.057458565,0,,68,0,423,1,16,0,1
2020-05-20,38,38,0,0,702,688,14,0,3,0,,,,,63,926,902,24,0,16109,15450,648,0,604,133,11,21,21,21,0,.054131053,.055232558,0,,69,0,353,3,16,.020833334,1
2020-05-21,55,54,1,0,934,922,12,0,11,0,,,,,47,981,956,25,0,17043,16372,660,0,651,144,11,21,21,21,0,.058886509,.058568329,.083333336,,70,0,344,0,19,.01754386,1
2020-05-22,77,76,1,0,869,860,9,0,7,0,,,,,45,1058,1032,26,0,17912,17232,669,0,696,151,11,21,21,21,0,.088607594,.088372096,.11111111,,71,0,322,0,22,.12,1
2020-05-23,39,39,0,0,494,480,14,0,4,0,,,,,16,1097,1071,26,0,18406,17712,683,0,712,155,11,21,21,21,0,.078947365,.081249997,0,,72,0,368,4,21,.065217391,1
2020-05-24,8,8,0,0,105,105,0,0,4,0,,,,,2,1105,1079,26,0,18511,17817,683,0,714,159,11,21,21,21,0,.076190479,.076190479,,,73,0,317,0,17,.071428575,1
2020-05-25,54,53,1,0,666,650,16,0,8,0,,,,,28,1159,1132,27,0,19177,18467,699,0,742,167,11,21,21,21,0,.081081077,.081538461,.0625,,74,0,130,1,21,0,1
2020-05-26,40,40,0,0,731,719,12,0,2,0,,,,,65,1199,1172,27,0,19908,19186,711,0,807,169,11,21,21,21,0,.054719564,.055632822,0,,75,0,429,1,16,0,1
2020-05-27,52,52,0,0,1000,991,9,0,4,0,,,,,47,1251,1224,27,0,20908,20177,720,0,854,173,11,21,21,21,0,.052000001,.052472249,0,,76,0,385,1,17,0,1
2020-05-28,58,58,0,0,933,932,1,0,7,0,,,,,52,1309,1282,27,0,21841,21109,721,0,906,180,11,21,21,21,0,.062165059,.06223176,0,,77,0,376,0,27,0,1
2020-05-29,68,68,0,0,825,809,16,0,6,0,1,1,1,0,55,1377,1350,27,0,22666,21918,737,0,961,186,11,22,22,22,0,.082424246,.084054388,0,,78,0,451,3,24,.07692308,1
2020-05-30,31,31,0,0,578,578,0,0,4,0,,,,,33,1408,1381,27,0,23244,22496,737,0,994,190,11,22,22,22,0,.053633217,.053633217,,,79,0,398,1,24,.023809524,1
2020-05-31,4,4,0,0,158,158,0,0,1,0,,,,,6,1412,1385,27,0,23402,22654,737,0,1000,191,11,22,22,22,0,.025316456,.025316456,,,80,0,395,2,26,0,1
2020-06-01,48,48,0,0,958,925,33,0,8,0,1,1,1,0,38,1460,1433,27,0,24360,23579,770,0,1038,199,11,23,23,23,0,.050104383,.051891893,0,,81,0,89,1,17,0,1
2020-06-02,48,48,0,0,829,818,11,0,4,0,,,,,29,1508,1481,27,0,25189,24397,781,0,1067,203,11,23,23,23,0,.057901084,.058679707,0,,82,0,446,5,26,0,1
2020-06-03,47,46,1,0,730,722,6,0,8,2,,,,,53,1555,1527,28,0,25919,25119,787,0,1120,211,13,23,23,23,0,.064383559,.063711911,.16666667,,83,0,392,10,24,.018181818,1
2020-06-04,72,72,0,0,1264,1258,5,0,14,1,,,,,55,1627,1599,28,0,27183,26377,792,0,1175,225,14,23,23,23,0,.056962024,.057233706,0,,84,0,476,3,19,.083333336,1
2020-06-05,41,41,0,0,1068,1063,4,0,4,1,,,,,70,1668,1640,28,0,28251,27440,796,0,1245,229,15,23,23,23,0,.038389511,.038570084,0,,85,0,418,4,17,.020408163,1
2020-06-06,51,50,1,0,850,845,5,0,3,0,1,1,1,0,32,1719,1690,29,0,29101,28285,801,0,1277,232,15,24,24,24,0,.059999999,.059171598,.2,,86,0,397,4,20,0,1
2020-06-07,15,15,0,0,195,194,0,0,4,1,1,1,1,0,6,1734,1705,29,0,29296,28479,801,0,1283,236,16,25,25,25,0,.07692308,.077319585,,,87,0,386,2,22,.028571429,1
2020-06-08,52,52,0,0,1465,1459,6,0,5,0,,,,,52,1786,1757,29,0,30761,29938,807,0,1335,241,16,25,25,25,0,.035494879,.035640851,0,,88,0,87,7,24,,1
2020-06-09,112,110,2,0,1696,1685,11,0,5,0,,,,,47,1898,1867,31,0,32457,31623,818,0,1382,246,16,25,25,25,0,.066037737,.065281898,.18181819,,89,0,421,5,26,0,1
2020-06-10,49,49,0,0,1417,1401,16,0,3,0,1,1,1,0,36,1947,1916,31,0,33874,33024,834,0,1418,249,16,26,26,26,0,.0345801,.034975018,0,,90,0,461,4,25,0,1
2020-06-11,45,45,0,0,1213,1196,16,0,8,1,,,,,62,1992,1961,31,0,35087,34220,850,0,1480,257,17,26,26,26,0,.037098102,.037625417,0,,91,0,468,9,25,0,1
2020-06-12,55,53,2,0,1588,1564,23,0,8,1,1,1,1,0,47,2047,2014,33,0,36675,35784,873,0,1527,265,18,27,27,27,0,.034634762,.033887468,.086956523,,92,0,458,5,32,.013157895,1
2020-06-13,31,31,0,0,1253,1234,17,0,4,2,2,2,2,0,39,2078,2045,33,0,37928,37018,890,0,1566,269,20,29,29,29,0,.024740623,.025121557,0,,93,0,410,8,19,.016393442,1
2020-06-14,14,14,0,0,113,113,0,0,1,0,,,,,13,2092,2059,33,0,38041,37131,890,0,1579,270,20,29,29,29,0,.1238938,.1238938,,,94,0,330,6,23,0,1
2020-06-15,70,69,1,0,1456,1436,18,0,7,2,,,,,44,2162,2128,34,0,39497,38567,908,0,1623,277,22,29,29,29,0,.048076924,.048050139,.055555556,,95,0,112,7,23,,1
2020-06-16,69,67,2,0,1668,1646,21,0,7,1,,,,,104,2231,2195,36,0,41165,40213,929,0,1727,284,23,29,29,29,0,.041366905,.040704738,.095238097,,96,0,519,12,24,0,1
2020-06-17,53,51,2,0,1621,1601,16,0,6,4,1,1,1,0,58,2284,2246,38,0,42786,41814,945,0,1785,290,27,30,30,30,0,.032695867,.031855091,.125,,97,0,390,9,19,0,1
2020-06-18,47,47,0,0,1635,1616,19,0,6,0,2,2,2,0,55,2331,2293,38,0,44421,43430,964,0,1840,296,27,32,32,32,0,.028746177,.029084159,0,,98,0,412,10,19,0,1
2020-06-19,59,56,3,0,1482,1464,16,0,5,2,,,,,60,2390,2349,41,0,45903,44894,980,0,1900,301,29,32,32,32,0,.039811067,.038251366,.1875,,99,0,394,3,19,0,1
2020-06-20,43,42,1,0,1216,1203,13,0,4,0,,,,,50,2433,2391,42,0,47119,46097,993,0,1950,305,29,32,32,32,0,.035361841,.034912717,.07692308,,100,0,412,11,19,1,1
2020-06-21,7,7,0,0,257,257,0,0,0,0,1,1,1,0,13,2440,2398,42,0,47376,46354,993,0,1963,305,29,33,33,33,0,.027237354,.027237354,,,101,0,363,8,16,.028571429,1
2020-06-22,78,77,1,0,1538,1524,14,0,4,0,,,,,79,2518,2475,43,0,48914,47878,1007,0,2042,309,29,33,33,33,0,.050715216,.050524935,.071428575,,102,0,118,12,24,,1
2020-06-23,119,116,3,0,1861,1851,10,0,3,0,,,,,79,2637,2591,46,0,50775,49729,1017,0,2121,312,29,33,33,33,0,.063944116,.06266883,.30000001,,103,0,505,14,28,0,1
2020-06-24,70,70,0,0,1113,1113,0,0,12,0,,,,,61,2707,2661,46,0,51888,50842,1017,0,2182,324,29,33,33,33,0,.062893085,.062893085,,,104,0,449,12,17,.044444446,1
2020-06-25,83,82,1,0,1688,1676,9,0,8,3,1,1,1,0,52,2790,2743,47,0,53576,52518,1026,0,2234,332,32,34,34,34,0,.049170617,.048926014,.11111111,,105,0,483,8,29,.017241379,1
2020-06-26,103,100,3,0,2443,2426,16,0,13,1,1,1,1,0,54,2893,2843,50,0,56019,54944,1042,0,2288,345,33,35,35,35,0,.042161278,.041220114,.1875,,106,0,533,13,16,.022727273,1
2020-06-27,91,91,0,0,1658,1637,21,0,13,0,1,1,1,0,34,2984,2934,50,0,57677,56581,1063,0,2322,358,33,36,36,36,0,.054885402,.055589493,0,,107,0,451,11,30,,1
2020-06-28,30,30,0,0,336,333,0,0,0,3,,,,,8,3014,2964,50,0,58013,56914,1063,0,2330,358,36,36,36,36,0,.089285716,.090090089,,,108,0,383,10,29,1,1
2020-06-29,92,92,0,0,1678,1670,8,0,6,0,1,1,1,0,65,3106,3056,50,0,59691,58584,1071,0,2395,364,36,37,37,37,0,.054827176,.05508982,0,,109,0,123,13,20,1,
2020-06-30,99,96,3,0,2482,2458,23,0,6,1,1,1,1,0,99,3205,3152,53,0,62173,61042,1094,0,2494,370,37,38,38,38,0,.039887186,.039056145,.13043478,,110,0,578,13,20,1,1
2020-07-01,129,128,1,0,3024,3014,7,0,13,3,,,,,66,3334,3280,54,0,65197,64056,1101,0,2560,383,40,38,38,38,0,.042658731,.042468481,.14285715,,111,0,480,13,29,1,1
2020-07-02,147,146,1,0,2962,2946,12,0,28,4,,,,,82,3481,3426,55,0,68159,67002,1113,0,2642,411,44,38,38,38,0,.04962863,.049558725,.083333336,,112,0,532,8,9,1,1
2020-07-03,152,150,2,0,3283,3259,22,0,8,2,1,1,1,0,82,3633,3576,57,0,71442,70261,1135,0,2724,419,46,39,39,39,0,.046299115,.04602639,.090909094,,113,0,291,13,22,1,1
2020-07-04,114,113,1,0,2321,2305,15,0,16,1,3,3,3,0,94,3747,3689,58,0,73763,72566,1150,0,2818,435,47,42,42,42,0,.04911676,.049023863,.06666667,,114,0,183,9,21,1,1
2020-07-05,39,37,2,0,665,647,16,0,7,2,2,2,2,0,16,3786,3726,60,0,74428,73213,1166,0,2834,442,49,44,44,44,0,.058646616,.057187017,.125,,115,0,434,16,19,1,.98591548
2020-07-06,160,157,3,0,2466,2455,11,0,13,0,2,2,2,0,112,3946,3883,63,0,76894,75668,1177,0,2946,455,49,46,46,46,0,.064882398,.06395112,.27272728,,116,0,134,15,18,,
2020-07-07,156,155,1,0,3196,3174,21,0,13,1,2,2,2,0,100,4102,4038,64,0,80090,78842,1198,0,3046,468,50,48,48,48,0,.048811015,.048834279,.047619049,,117,0,741,28,16,1,1
2020-07-08,133,131,2,0,2119,2095,23,0,13,1,3,3,3,0,107,4235,4169,66,0,82209,80937,1221,0,3153,481,51,51,51,51,0,.062765457,.062529832,.086956523,,118,0,571,12,18,1,1
2020-07-09,123,119,4,0,2475,2456,16,0,12,3,1,1,1,0,136,4358,4288,70,0,84684,83393,1237,0,3289,493,54,52,52,52,0,.049696971,.048452768,.25,,119,0,695,12,11,1,1
2020-07-10,162,159,3,0,2654,2639,9,0,21,6,6,6,6,0,140,4520,4447,73,0,87338,86032,1246,0,3429,514,60,58,58,58,0,.06103994,.060250096,.33333334,,120,0,638,11,19,1,1
2020-07-11,150,148,2,0,2156,2138,13,0,18,5,3,3,3,0,91,4670,4595,75,0,89494,88170,1259,0,3520,532,65,61,61,61,0,.069573283,.069223575,.15384616,,121,0,524,15,25,1,1
2020-07-12,39,39,0,0,487,482,0,0,2,5,1,1,1,0,40,4709,4634,75,0,89981,88652,1259,0,3560,534,70,62,62,62,0,.080082133,.080912866,,,122,0,546,14,12,.99038464,1
2020-07-13,222,216,6,0,2840,2804,35,0,20,1,5,5,5,0,128,4931,4850,81,0,92821,91456,1294,0,3688,554,71,67,67,67,0,.078169011,.077032812,.17142858,,123,0,139,16,21,1,
2020-07-14,281,280,1,0,2975,2954,18,0,23,3,4,4,4,0,156,5212,5130,82,0,95796,94410,1312,0,3844,577,74,71,71,71,0,.094453782,.094786733,.055555556,,124,0,618,10,15,1,1
2020-07-15,252,250,2,0,3651,3617,30,0,20,4,2,2,2,0,142,5464,5380,84,0,99447,98027,1342,0,3986,597,78,73,73,73,0,.069022186,.069118053,.06666667,,125,0,569,18,13,1,1
2020-07-16,338,330,8,0,3101,3080,15,0,37,6,3,3,3,0,120,5802,5710,92,0,102548,101107,1357,0,4106,634,84,76,76,76,0,.1089971,.10714286,.53333336,,126,0,535,9,15,1,1
2020-07-17,318,314,4,0,3606,3580,21,0,22,5,6,6,6,0,173,6120,6024,96,0,106154,104687,1378,0,4279,656,89,82,82,82,0,.088186353,.087709494,.19047619,,127,0,528,15,16,1,1
2020-07-18,219,212,7,0,3136,3070,59,0,31,7,4,4,4,0,152,6339,6236,103,0,109290,107757,1437,0,4431,687,96,86,86,86,0,.06983418,.069055371,.11864407,,128,0,496,20,19,1,1
2020-07-19,61,61,0,0,654,650,0,0,8,4,,,,,44,6400,6297,103,0,109944,108407,1437,0,4475,695,100,86,86,86,0,.093272172,.093846157,,,129,0,431,22,14,1,1
2020-07-20,360,356,4,0,3644,3619,18,0,68,7,4,4,4,0,223,6760,6653,107,0,113588,112026,1455,0,4698,763,107,90,90,90,0,.098792538,.098369718,.22222222,,130,0,137,17,19,1,1
2020-07-21,341,337,4,0,3189,3135,50,0,44,4,5,5,5,0,251,7101,6990,111,0,116777,115161,1505,0,4949,807,111,95,95,95,0,.10693007,.10749602,.079999998,,131,0,668,22,12,1,1
2020-07-22,348,340,8,0,3419,3328,73,0,66,18,6,6,6,0,193,7449,7330,119,0,120196,118489,1578,0,5142,873,129,101,101,101,0,.10178415,.10216346,.10958904,,132,0,485,17,19,1,1
2020-07-23,358,355,3,0,3234,3213,12,0,63,9,6,6,6,0,296,7807,7685,122,0,123430,121702,1590,0,5438,936,138,107,107,107,0,.11069883,.11048864,.25,,133,0,430,14,20,1,1
2020-07-24,422,414,8,0,4278,4224,48,0,65,6,6,6,6,0,292,8229,8099,130,0,127708,125926,1638,0,5730,1001,144,113,113,113,0,.098644227,.098011367,.16666667,,134,0,481,20,20,1,1
2020-07-25,410,401,9,0,3030,2931,87,0,57,12,,,,,199,8639,8500,139,0,130738,128857,1725,0,5929,1058,156,113,113,113,0,.13531353,.13681337,.10344828,,135,0,533,24,12,1,1
2020-07-26,134,131,3,0,957,891,56,0,28,10,4,4,4,0,57,8773,8631,142,0,131695,129748,1781,0,5986,1086,166,117,117,117,0,.14002089,.14702581,.053571429,,136,0,425,13,16,1,1
2020-07-27,524,517,7,0,4117,4075,26,0,106,16,9,9,9,0,302,9297,9148,149,0,135812,133823,1807,0,6288,1192,182,126,126,126,0,.12727715,.12687117,.26923078,,137,0,88,17,15,1,
2020-07-28,345,344,1,0,2203,2148,32,0,51,23,7,7,7,0,333,9642,9492,150,0,138015,135971,1839,0,6621,1243,205,133,133,133,0,.15660463,.16014898,.03125,,138,0,607,23,16,1,.9893617
2020-07-29,571,566,5,0,3863,3761,90,0,84,12,6,6,6,0,353,10213,10058,155,0,141878,139732,1929,0,6974,1327,217,139,139,139,0,.14781258,.15049189,.055555556,,139,0,575,14,15,1,1
2020-07-30,581,573,8,0,4268,4158,87,0,96,23,9,9,9,0,327,10794,10631,163,0,146146,143890,2016,0,7301,1423,240,148,148,148,0,.13612933,.13780664,.091954023,,140,0,622,21,9,1,1
2020-07-31,676,668,8,0,4885,4788,64,0,102,33,2,2,2,0,379,11470,11299,171,0,151031,148678,2080,0,7680,1525,273,150,150,150,0,.13838281,.13951546,.125,,141,0,595,26,9,1,.98275864
2020-08-01,576,574,2,0,3629,3579,24,0,67,26,10,10,10,0,331,12046,11873,173,0,154660,152257,2104,0,8011,1592,299,160,160,160,0,.15872142,.16037999,.083333336,,142,0,478,15,11,1,1
2020-08-02,200,200,0,0,1030,1009,0,0,57,21,3,3,3,0,113,12246,12073,173,0,155690,153266,2104,0,8124,1649,320,163,163,163,0,.19417475,.19821605,,,143,0,296,13,16,1,1
2020-08-03,862,851,11,0,4998,4911,68,0,115,19,2,2,2,0,478,13108,12924,184,0,160688,158177,2172,0,8602,1764,339,165,165,165,0,.17246899,.17328446,.16176471,,144,0,88,12,8,1,
2020-08-04,883,876,7,0,5006,4954,31,0,121,21,1,1,1,0,340,13991,13800,191,0,165694,163131,2203,0,8942,1885,360,166,166,166,0,.17638834,.1768268,.22580644,,145,0,493,21,11,.98076922,1
2020-08-05,791,777,14,0,4068,3991,62,0,150,15,6,6,6,0,507,14782,14577,205,0,169762,167122,2265,0,9449,2035,375,172,172,172,0,.19444445,.19468805,.22580644,,146,0,428,13,11,1,1
2020-08-06,784,774,10,0,4442,4328,85,0,102,29,4,4,4,0,523,15566,15351,215,0,174204,171450,2350,0,9972,2137,404,176,176,176,0,.17649707,.1788355,.11764706,,147,0,463,22,8,1,1
2020-08-07,907,896,11,0,4455,4345,83,0,137,27,3,3,3,0,607,16473,16247,226,0,178659,175795,2433,0,10579,2274,431,179,179,179,0,.20359147,.20621404,.13253012,,148,0,371,23,7,1,1
2020-08-08,681,667,14,0,3484,3361,92,0,109,31,4,4,4,0,524,17154,16914,240,0,182143,179156,2525,0,11103,2383,462,183,183,183,0,.19546498,.19845285,.15217391,,149,0,492,13,14,1,1
2020-08-09,183,183,0,0,821,801,1,0,29,19,5,5,5,0,189,17337,17097,240,0,182964,179957,2526,0,11292,2412,481,188,188,188,0,.2228989,.22846442,0,,150,0,284,15,5,1,1
2020-08-10,1145,1133,12,0,5126,4990,120,0,138,16,12,12,12,0,825,18482,18230,252,0,188090,184947,2646,0,12117,2550,497,200,200,200,0,.22337104,.2270541,.1,,151,0,53,15,6,,1
2020-08-11,1298,1283,15,0,5052,4907,121,0,175,24,8,8,8,0,753,19780,19513,267,0,193142,189854,2767,0,12870,2725,521,208,208,208,0,.25692794,.26146322,.12396694,,152,0,802,12,15,1,1
2020-08-12,1055,1051,4,0,4280,4197,63,0,148,20,,,,,769,20835,20564,271,0,197422,194051,2830,0,13639,2873,541,208,208,208,0,.24649532,.25041696,.063492067,,153,0,567,15,4,1,1
2020-08-13,1123,1117,6,0,4290,4166,95,0,116,29,1,1,1,0,784,21958,21681,277,0,201712,198217,2925,0,14423,2989,570,209,209,209,0,.26177156,.26812291,.063157894,,154,0,617,18,9,1,1
2020-08-14,1083,1069,14,0,4509,4377,104,0,137,28,6,6,6,0,884,23041,22750,291,0,206221,202594,3029,0,15307,3126,598,215,215,215,0,.24018629,.24423121,.13461539,,155,0,480,17,8,1,1
2020-08-15,956,948,8,0,3413,3278,104,0,104,31,3,3,3,0,706,23997,23698,299,0,209634,205872,3133,0,16013,3230,629,218,218,218,0,.28010547,.28920072,.07692308,,156,0,727,9,10,1,1
2020-08-16,176,175,1,0,832,796,3,0,25,33,7,7,7,0,208,24173,23873,300,0,210466,206668,3136,0,16221,3255,662,225,225,225,0,.21153846,.21984924,.33333334,,157,0,555,19,7,1,1
2020-08-17,1357,1348,9,0,5304,5208,67,0,146,29,5,5,5,0,1080,25530,25221,309,0,215770,211876,3203,0,17301,3401,691,230,230,230,0,.25584465,.25883257,.13432837,,158,0,112,21,6,,1
2020-08-18,1136,1122,14,0,4166,4016,124,0,171,26,5,5,5,0,1161,26666,26343,323,0,219936,215892,3327,0,18462,3572,717,235,235,235,0,.27268362,.27938247,.11290322,,159,0,581,16,9,1,1
2020-08-19,1476,1463,13,0,4776,4628,120,0,177,28,6,6,6,0,1019,28142,27806,336,0,224712,220520,3447,0,19481,3749,745,241,241,241,0,.30904523,.31611928,.10833333,,160,0,678,16,7,1,1
2020-08-20,1744,1723,21,0,6648,6517,101,0,182,30,5,5,5,0,1055,29886,29529,357,0,231360,227037,3548,0,20536,3931,775,246,246,246,0,.26233453,.26438546,.20792079,,161,0,427,19,4,1,1
2020-08-21,1858,1853,5,0,6372,6310,36,0,208,26,6,6,6,0,1059,31744,31382,362,0,237732,233347,3584,0,21595,4139,801,252,252,252,0,.29158819,.29366085,.1388889,,162,0,379,22,5,1,1
2020-08-22,1570,1550,20,0,5336,5194,123,0,179,19,4,4,4,0,934,33314,32932,382,0,243068,238541,3707,0,22529,4318,820,256,256,256,0,.2942279,.29842126,.16260162,,163,0,439,21,9,1,1
2020-08-23,349,349,0,0,1396,1380,0,0,31,16,2,2,2,0,149,33663,33281,382,0,244464,239921,3707,0,22678,4349,836,258,258,258,0,.25,.25289854,,,164,0,476,17,6,1,1
2020-08-24,3423,3397,26,0,8881,8741,125,0,444,15,5,5,5,0,1333,37086,36678,408,0,253345,248662,3832,0,24011,4793,851,263,263,263,0,.38542956,.3886283,.208,,165,0,116,21,1,1,1
2020-08-25,1307,1297,10,0,4404,4314,73,0,140,17,3,3,3,0,1331,38393,37975,418,0,257749,252976,3905,0,25342,4933,868,266,266,266,0,.29677567,.30064905,.1369863,,166,0,712,16,6,1,1
2020-08-26,1236,1218,18,0,4030,3947,67,0,131,16,5,5,5,0,1501,39629,39193,436,0,261779,256923,3972,0,26843,5064,884,271,271,271,0,.30669975,.3085888,.26865673,,167,0,826,17,6,1,1
2020-08-27,1428,1416,12,0,4624,4560,42,0,135,22,2,2,2,0,1780,41057,40609,448,0,266403,261483,4014,0,28623,5199,906,273,273,273,0,.30882353,.31052631,.2857143,,168,0,619,27,5,1,1
2020-08-28,1619,1600,19,0,5831,5657,151,0,155,23,1,1,1,0,1870,42676,42209,467,0,272234,267140,4165,0,30493,5354,929,274,274,274,0,.27765393,.28283542,.12582782,,169,0,659,24,7,1,.984375
2020-08-29,971,965,6,0,3892,3729,141,0,86,22,2,2,2,0,1579,43647,43174,473,0,276126,270869,4306,0,32072,5440,951,276,276,276,0,.24948612,.25878251,.04255319,,170,0,586,24,8,1,1
2020-08-30,154,154,0,0,710,691,0,0,24,19,4,4,4,0,355,43801,43328,473,0,276836,271560,4306,0,32427,5464,970,280,280,280,0,.21690141,.22286542,,,171,0,776,26,4,1,1
2020-08-31,1300,1291,9,0,4854,4728,103,0,134,23,,,,,3432,45101,44619,482,0,281690,276288,4409,0,35859,5598,993,280,280,280,0,.26782036,.27305415,.087378643,,172,0,85,17,2,1,1
2020-09-01,1192,1182,10,0,4294,4197,86,0,112,11,9,9,9,0,1300,46293,45801,492,0,285984,280485,4495,0,37159,5710,1004,289,289,289,0,.27759665,.28162974,.11627907,,173,0,508,26,8,1,1
2020-09-02,1068,1059,9,0,3933,3817,102,0,101,14,5,5,5,0,1290,47361,46860,501,0,289917,284302,4597,0,38449,5811,1018,294,294,294,0,.27154845,.27744302,.088235296,,174,0,296,24,4,1,1
2020-09-03,931,929,2,0,3531,3448,77,0,108,6,1,1,1,0,1492,48292,47789,503,0,293448,287750,4674,0,39941,5919,1024,295,295,295,0,.26366469,.26943156,.025974026,,175,0,304,19,4,1,1
2020-09-04,912,903,9,0,3561,3433,119,0,119,9,1,1,1,0,1665,49204,48692,512,0,297009,291183,4793,0,41606,6038,1033,296,296,296,0,.25610784,.26303524,.075630255,,176,0,312,17,5,1,1
2020-09-05,591,583,8,0,2704,2603,89,0,90,12,4,4,4,0,1041,49795,49275,520,0,299713,293786,4882,0,42647,6128,1045,300,300,300,0,.21856509,.22397234,.089887641,,177,0,339,20,5,1,1
2020-09-06,253,253,0,0,1028,1020,0,0,12,8,2,2,2,0,185,50048,49528,520,0,300741,294806,4882,0,42832,6140,1053,302,302,302,0,.24610895,.24803922,,,178,0,312,22,1,1,1
2020-09-07,1576,1568,8,0,4825,4687,135,0,164,3,2,2,2,0,1411,51624,51096,528,0,305566,299493,5017,0,44243,6304,1056,304,304,304,0,.32663211,.33454236,.059259258,,179,0,49,24,9,1,
2020-09-08,1611,1605,6,0,5469,5385,78,0,138,6,1,1,1,0,1238,53235,52701,534,0,311035,304878,5095,0,45481,6442,1062,305,305,305,0,.2945694,.29805014,.07692308,,180,0,425,26,2,1,1
2020-09-09,1164,1153,11,0,4614,4473,130,0,108,11,1,1,1,0,1106,54399,53854,545,0,315649,309351,5225,0,46587,6550,1073,306,306,306,0,.25227568,.25776884,.084615387,,181,0,481,25,6,1,1
2020-09-10,910,904,6,0,3655,3542,104,0,71,9,2,2,2,0,992,55309,54758,551,0,319304,312893,5329,0,47579,6621,1082,308,308,308,0,.24897401,.25522304,.057692308,,182,0,454,25,4,1,1
2020-09-11,1007,1003,4,0,3767,3677,80,0,74,10,,,,,971,56316,55761,555,0,323071,316570,5409,0,48550,6695,1092,308,308,308,0,.26732147,.27277672,.050000001,,183,0,378,32,3,1,1
2020-09-12,644,640,4,0,2694,2631,53,0,65,10,,,,,632,56960,56401,559,0,325765,319201,5462,0,49182,6760,1102,308,308,308,0,.23904975,.24325351,.075471699,,184,0,434,19,3,1,1
2020-09-13,200,198,2,0,809,801,2,0,21,6,,,,,252,57160,56599,561,0,326574,320002,5464,0,49434,6781,1108,308,308,308,0,.24721879,.24719101,1,,185,0,228,23,3,1,1
2020-09-14,926,925,1,0,3823,3684,130,0,69,9,2,2,2,0,1530,58086,57524,562,0,330397,323686,5594,0,50964,6850,1117,310,310,310,0,.24221815,.25108579,.0076923077,,186,0,64,23,2,1,1
2020-09-15,839,836,3,0,3513,3412,95,0,77,6,4,4,4,0,1559,58925,58360,565,0,333910,327098,5689,0,52523,6927,1123,314,314,314,0,.23882721,.24501759,.031578947,,187,0,242,24,1,1,1
2020-09-16,774,769,5,0,3446,3355,87,0,57,4,,,,,1139,59699,59129,570,0,337356,330453,5776,0,53662,6984,1127,314,314,314,0,.22460824,.22921014,.057471264,,188,0,266,19,3,1,1
2020-09-17,511,511,0,0,2422,2321,93,0,39,8,2,2,2,0,918,60210,59640,570,0,339778,332774,5869,0,54580,7023,1135,316,316,316,0,.21098267,.22016372,0,,189,0,186,19,1,1,1
2020-09-18,504,503,1,0,2451,2308,138,0,34,5,2,2,2,0,1057,60714,60143,571,0,342229,335082,6007,0,55637,7057,1140,318,318,318,0,.20563036,.2179376,.0072463769,,190,0,212,19,1,1,1
2020-09-19,439,436,3,0,2069,1897,169,0,51,3,,,,,653,61153,60579,574,0,344298,336979,6176,0,56290,7108,1143,318,318,318,0,.21217979,.22983658,.01775148,,191,0,224,19,1,1,1
2020-09-20,71,71,0,0,404,396,0,0,4,8,2,2,2,0,189,61224,60650,574,0,344702,337375,6176,0,56479,7112,1151,320,320,320,0,.17574258,.17929293,,,192,0,187,16,4,1,1
2020-09-21,616,612,4,0,2764,2582,178,0,51,4,1,1,1,0,1063,61840,61262,578,0,347466,339957,6354,0,57542,7163,1155,321,321,321,0,.22286542,.23702556,.02247191,,193,0,62,24,4,1,
2020-09-22,510,508,2,0,2381,2194,182,0,34,5,,,,,942,62350,61770,580,0,349847,342151,6536,0,58484,7197,1160,321,321,321,0,.21419571,.23154056,.010989011,,194,0,406,28,2,1,1
2020-09-23,646,642,4,0,2828,2686,137,0,33,5,,,,,836,62996,62412,584,0,352675,344837,6673,0,59320,7230,1165,321,321,321,0,.22842999,.23901713,.02919708,,195,0,233,17,7,1,1
2020-09-24,562,559,3,0,2410,2304,98,0,43,8,1,1,1,0,537,63558,62971,587,0,355085,347141,6771,0,59857,7273,1173,322,322,322,0,.23319502,.24262153,.030612245,,196,0,205,29,5,1,1
2020-09-25,730,727,3,0,3092,2990,94,0,46,8,1,1,1,0,531,64288,63698,590,0,358177,350131,6865,0,60388,7319,1181,323,323,323,0,.23609315,.24314381,.031914894,,197,0,140,16,3,1,1
2020-09-26,417,415,2,0,2119,2061,51,0,41,7,,,,,457,64705,64113,592,0,360296,352192,6916,0,60845,7360,1188,323,323,323,0,.19679093,.20135856,.039215688,,198,0,177,30,3,1,1
2020-09-27,54,54,0,0,382,378,0,0,5,4,,,,,87,64759,64167,592,0,360678,352570,6916,0,60932,7365,1192,323,323,323,0,.14136125,.14285715,,,199,0,204,29,4,1,1
2020-09-28,439,437,2,0,2731,2670,55,0,37,6,1,1,1,0,625,65198,64604,594,0,363409,355240,6971,0,61557,7402,1198,324,324,324,0,.16074698,.16367041,.036363635,,200,0,77,20,3,1,1
2020-09-29,667,665,2,0,2843,2749,89,0,63,5,,,,,524,65865,65269,596,0,366252,357989,7060,0,62081,7465,1203,324,324,324,0,.23461133,.24190615,.02247191,,201,0,260,20,5,1,1
2020-09-30,619,615,4,0,2914,2824,87,0,36,3,1,1,1,0,653,66484,65884,600,0,369166,360813,7147,0,62734,7501,1206,325,325,325,0,.21242279,.21777621,.045977011,,202,0,136,29,2,1,1
2020-10-01,611,608,3,0,2800,2686,108,0,44,6,3,3,3,0,558,67095,66492,603,0,371966,363499,7255,0,63292,7545,1212,328,328,328,0,.21821429,.22635891,.027777778,,203,0,185,9,2,1,1
2020-10-02,562,560,2,0,2459,2380,75,0,38,4,1,1,1,0,717,67657,67052,605,0,374425,365879,7330,0,64009,7583,1216,329,329,329,0,.22854818,.23529412,.026666667,,204,0,225,22,1,1,1
2020-10-03,544,543,1,0,2201,2144,55,0,33,2,,,,,419,68201,67595,606,0,376626,368023,7385,0,64428,7616,1218,329,329,329,0,.24716038,.25326493,.018181818,,205,0,157,21,3,1,1
2020-10-04,134,133,1,0,508,506,1,0,9,1,,,,,59,68335,67728,607,0,377134,368529,7386,0,64487,7625,1219,329,329,329,0,.26377952,.26284584,1,,206,0,117,19,1,1,1
2020-10-05,386,383,3,0,1933,1856,74,0,17,3,,,,,461,68721,68111,610,0,379067,370385,7460,0,64948,7642,1222,329,329,329,0,.1996896,.20635776,.040540539,,207,0,31,18,5,,
2020-10-06,303,301,2,0,1667,1605,58,0,23,4,,,,,672,69024,68412,612,0,380734,371990,7518,0,65620,7665,1226,329,329,329,0,.18176365,.18753894,.034482758,,208,0,176,16,2,1,1
2020-10-07,286,286,0,0,1636,1567,68,0,24,1,,,,,611,69310,68698,612,0,382370,373557,7586,0,66231,7689,1227,329,329,329,0,.17481662,.18251435,0,,209,0,184,18,3,1,1
2020-10-08,502,501,1,0,2743,2654,85,0,28,4,,,,,608,69812,69199,613,0,385113,376211,7671,0,66839,7717,1231,329,329,329,0,.18301131,.18877167,.011764706,,210,0,160,11,1,1,1
2020-10-09,607,603,4,0,3283,3249,33,0,35,1,,,,,571,70419,69802,617,0,388396,379460,7704,0,67410,7752,1232,329,329,329,0,.18489186,.18559557,.12121212,,211,0,128,19,3,1,1
2020-10-10,642,642,0,0,3155,3087,67,0,51,1,,,,,537,71061,70444,617,0,391551,382547,7771,0,67947,7803,1233,329,329,329,0,.20348653,.20796891,0,,212,0,143,25,5,1,1
2020-10-11,78,77,1,0,589,586,2,0,12,1,,,,,128,71139,70521,618,0,392140,383133,7773,0,68075,7815,1234,329,329,329,0,.13242784,.13139932,.5,,213,0,117,12,5,.98591548,1
2020-10-12,1015,1013,2,0,3490,3435,54,0,49,1,3,3,3,0,385,72154,71534,620,0,395630,386568,7827,0,68460,7864,1235,332,332,332,0,.29083094,.29490539,.037037037,,214,0,54,21,1,,1
2020-10-13,712,709,3,0,2311,2231,77,0,61,3,,,,,325,72866,72243,623,0,397941,388799,7904,0,68785,7925,1238,332,332,332,0,.30809173,.31779471,.038961038,,215,0,158,15,2,1,1
2020-10-14,517,516,1,0,2296,2250,44,0,32,2,1,1,1,0,328,73383,72759,624,0,400237,391049,7948,0,69113,7957,1240,333,333,333,0,.22517422,.22933333,.022727273,,216,0,141,13,2,1,1
2020-10-15,449,448,1,0,2107,2045,62,0,31,0,2,2,2,0,523,73832,73207,625,0,402344,393094,8010,0,69636,7988,1240,335,335,335,0,.2130992,.21907091,.016129032,,217,0,142,15,2,1,1
2020-10-16,435,433,2,0,2143,2063,77,0,24,3,,,,,608,74267,73640,627,0,404487,395157,8087,0,70244,8012,1243,335,335,335,0,.20298646,.20988852,.025974026,,218,0,131,16,2,1,1
2020-10-17,230,229,1,0,1463,1427,33,0,17,3,1,1,1,0,651,74497,73869,628,0,405950,396584,8120,0,70895,8029,1246,336,336,336,0,.15721121,.16047652,.030303031,,219,0,135,19,3,1,1
2020-10-18,63,63,0,0,393,387,1,0,10,5,,,,,79,74560,73932,628,0,406343,396971,8121,0,70974,8039,1251,336,336,336,0,.16030534,.1627907,0,,220,0,136,14,3,1,1
2020-10-19,349,345,4,0,1679,1637,35,0,28,7,1,1,1,0,893,74909,74277,632,0,408022,398608,8156,0,71867,8067,1258,337,337,337,0,.20786183,.21075137,.11428571,,221,0,22,19,0,,1
2020-10-20,450,448,2,0,2198,2129,68,0,34,1,1,1,1,0,636,75359,74725,634,0,410220,400737,8224,0,72503,8101,1259,338,338,338,0,.20473157,.21042743,.029411765,,222,0,128,12,3,1,1
2020-10-21,276,274,2,0,1362,1289,71,0,28,2,2,2,2,0,480,75635,74999,636,0,411582,402026,8295,0,72983,8129,1261,340,340,340,0,.20264317,.21256788,.028169014,,223,0,105,19,1,1,1
2020-10-22,407,404,3,0,1784,1739,43,0,37,2,1,1,1,0,414,76042,75403,639,0,413366,403765,8338,0,73397,8166,1263,341,341,341,0,.22813901,.23231742,.069767445,,224,0,147,20,0,1,.75
2020-10-23,339,335,4,0,1753,1717,34,0,24,2,1,1,1,0,429,76381,75738,643,0,415119,405482,8372,0,73826,8190,1265,342,342,342,0,.19338277,.19510774,.11764706,,225,0,218,20,1,1,1
2020-10-24,270,268,2,0,1348,1324,21,0,29,3,,,,,235,76651,76006,645,0,416467,406806,8393,0,74061,8219,1268,342,342,342,0,.20029673,.20241691,.095238097,,226,0,325,12,1,1,1
2020-10-25,45,45,0,0,334,332,0,0,3,2,1,1,1,0,66,76696,76051,645,0,416801,407138,8393,0,74127,8222,1270,343,343,343,0,.13473053,.13554217,,,227,0,111,16,0,1,1
2020-10-26,354,354,0,0,1583,1541,40,0,23,2,1,1,1,0,483,77050,76405,645,0,418384,408679,8433,0,74610,8245,1272,344,344,344,0,.22362603,.22972097,0,,228,0,33,15,1,1,1
2020-10-27,308,301,7,0,1531,1469,60,0,27,2,3,3,3,0,520,77358,76706,652,0,419915,410148,8493,0,75130,8272,1274,347,347,347,0,.2011757,.20490129,.11666667,,229,0,112,16,1,1,1
2020-10-28,260,259,1,0,1399,1333,61,0,21,5,1,1,1,0,304,77618,76965,653,0,421314,411481,8554,0,75434,8293,1279,348,348,348,0,.18584703,.19429858,.016393442,,230,0,144,15,2,1,1
2020-10-29,278,276,2,0,1254,1202,49,0,24,3,1,1,1,0,439,77896,77241,655,0,422568,412683,8603,0,75873,8317,1282,349,349,349,0,.2216906,.2296173,.040816326,,231,0,44,9,1,1,1
2020-10-30,288,286,2,0,1531,1469,60,0,27,2,,,,,363,78184,77527,657,0,424099,414152,8663,0,76236,8344,1284,349,349,349,0,.18811235,.19469027,.033333335,,232,0,56,9,5,1,.8888889
2020-10-31,237,235,2,0,1430,1390,39,0,31,1,,,,,281,78421,77762,659,0,425529,415542,8702,0,76517,8375,1285,349,349,349,0,.16573426,.16906475,.051282052,,233,0,141,11,2,1,.9375
2020-11-01,68,68,0,0,384,382,0,0,13,2,1,1,1,0,44,78489,77830,659,0,425913,415924,8702,0,76561,8388,1287,350,350,350,0,.17708333,.17801048,,,234,0,141,16,3,1,1
2020-11-02,244,240,4,0,1331,1274,56,0,18,1,1,1,1,0,351,78733,78070,663,0,427244,417198,8758,0,76912,8406,1288,351,351,351,0,.18332081,.18838304,.071428575,,235,0,38,8,2,,1
2020-11-03,393,391,2,0,2230,2206,23,0,35,1,,,,,310,79126,78461,665,0,429474,419404,8781,0,77222,8441,1289,351,351,351,0,.17623319,.17724387,.086956523,,236,0,129,11,3,.9893617,1
2020-11-04,363,359,4,0,1965,1932,31,0,34,2,,,,,260,79489,78820,669,0,431439,421336,8812,0,77482,8475,1291,351,351,351,0,.18473282,.18581781,.12903225,,237,0,113,11,1,1,1
2020-11-05,303,303,0,0,1776,1704,69,0,24,3,1,1,1,0,286,79792,79123,669,0,433215,423040,8881,0,77768,8499,1294,352,352,352,0,.1706081,.1778169,0,,238,0,80,8,1,1,1
2020-11-06,348,347,1,0,1872,1834,36,0,18,2,,,,,282,80140,79470,670,0,435087,424874,8917,0,78050,8517,1296,352,352,352,0,.18589744,.18920393,.027777778,,239,0,117,7,1,.98275864,1
2020-11-07,313,312,1,0,1445,1414,30,0,25,1,,,,,243,80453,79782,671,0,436532,426288,8947,0,78293,8542,1297,352,352,352,0,.216609,.22065064,.033333335,,240,0,125,14,1,1,1
2020-11-08,284,281,3,0,1535,1499,34,0,28,2,,,,,66,80737,80063,674,0,438067,427787,8981,0,78359,8570,1299,352,352,352,0,.18501629,.18745831,.088235296,,241,0,137,5,1,1,1
2020-11-09,249,248,1,0,1505,1462,42,0,17,1,,,,,242,80986,80311,675,0,439572,429249,9023,0,78601,8587,1300,352,352,352,0,.1654485,.16963065,.023809524,,242,0,21,6,,,1
2020-11-10,337,334,3,0,1878,1787,89,0,29,2,4,4,4,0,384,81323,80645,678,0,441450,431036,9112,0,78985,8616,1302,356,356,356,0,.17944622,.18690543,.033707865,,243,0,119,15,,1,1
2020-11-11,245,244,1,0,1608,1491,114,0,22,3,1,1,1,0,343,81568,80889,679,0,443058,432527,9226,0,79328,8638,1305,357,357,357,0,.15236318,.16364856,.0087719299,,244,0,92,4,,1,.97297299
2020-11-12,231,231,0,0,1459,1318,134,0,13,7,,,,,298,81799,81120,679,0,444517,433845,9360,0,79626,8651,1312,357,357,357,0,.15832762,.17526555,0,,245,0,114,9,,1,.94444442
2020-11-13,250,250,0,0,1597,1484,113,0,18,0,,,,,352,82049,81370,679,0,446114,435329,9473,0,79978,8669,1312,357,357,357,0,.15654352,.16846362,0,,246,0,93,8,,1,.5
2020-11-14,206,206,0,0,1693,1500,192,0,24,1,,,,,291,82255,81576,679,0,447807,436829,9665,0,80269,8693,1313,357,357,357,0,.1216775,.13733333,0,,247,0,95,10,,1,.85714287
2020-11-15,58,58,0,0,372,369,2,0,4,1,,,,,258,82313,81634,679,0,448179,437198,9667,0,80527,8697,1314,357,357,357,0,.15591398,.15718158,0,,248,0,92,7,,1,.4375
2020-11-16,257,256,1,0,1573,1356,215,0,23,2,,,,,257,82570,81890,680,0,449752,438554,9882,0,80784,8720,1316,357,357,357,0,.16338207,.18879056,.0046511628,,249,0,26,6,,1,1
2020-11-17,265,263,2,0,1723,1504,215,0,17,4,1,1,1,0,346,82835,82153,682,0,451475,440058,10097,0,81130,8737,1320,358,358,358,0,.15380152,.17486702,.0093023255,,250,0,133,9,,1,1
2020-11-18,212,210,2,0,1380,1175,203,0,17,2,1,1,1,0,255,83047,82363,684,0,452855,441233,10300,0,81385,8754,1322,359,359,359,0,.15362319,.17872341,.0098522166,,251,0,104,7,,1,.85714287
2020-11-19,215,212,3,0,1314,1174,139,0,32,1,1,1,1,0,234,83262,82575,687,0,454169,442407,10439,0,81619,8786,1323,360,360,360,0,.16362253,.18057922,.021582734,,252,0,104,4,,1,.66666669
2020-11-20,223,220,3,0,1329,1242,87,0,22,0,2,2,2,0,252,83485,82795,690,0,455498,443649,10526,0,81871,8808,1323,362,362,362,0,.16779533,.17713365,.034482758,,253,0,125,5,,1,.1724138
2020-11-21,221,221,0,0,1337,1310,26,0,17,1,,,,,226,83706,83016,690,0,456835,444959,10552,0,82097,8825,1324,362,362,362,0,.16529544,.16870229,0,,254,0,89,9,,1,.3482143
2020-11-22,121,121,0,0,538,538,0,0,23,0,1,1,1,0,86,83827,83137,690,0,457373,445497,10552,0,82183,8848,1324,363,363,363,0,.22490707,.22490707,,,255,0,72,6,,1,.25
2020-11-23,243,243,0,0,1332,1292,38,0,24,2,,,,,244,84070,83380,690,0,458705,446789,10590,0,82427,8872,1326,363,363,363,0,.18243243,.18808049,0,,256,0,23,1,,1,.66666669
2020-11-24,301,300,1,0,1773,1724,48,0,23,1,,,,,268,84371,83680,691,0,460478,448513,10638,0,82695,8895,1327,363,363,363,0,.16976875,.17401393,.020833334,,257,0,84,6,,1,.31428573
2020-11-25,270,269,1,0,1468,1409,57,0,19,2,,,,,212,84641,83949,692,0,461946,449922,10695,0,82907,8914,1329,363,363,363,0,.18392371,.19091554,.01754386,,258,0,102,6,,1,.28666666
2020-11-26,270,264,6,0,1600,1548,50,0,25,2,3,3,3,0,212,84911,84213,698,0,463546,451470,10745,0,83119,8939,1331,366,366,366,0,.16875,.17054264,.12,,259,0,91,5,,1,.14634146
2020-11-27,371,368,3,0,2000,1954,46,0,18,0,1,1,1,0,223,85282,84581,701,0,465546,453424,10791,0,83342,8957,1331,367,367,367,0,.1855,.18833163,.065217391,,260,0,71,7,,1,.24778761
2020-11-28,420,417,3,0,1989,1947,42,0,23,0,2,2,2,0,225,85702,84998,704,0,467535,455371,10833,0,83567,8980,1331,369,369,369,0,.21116139,.21417566,.071428575,,261,0,82,8,,1,.18954249
2020-11-29,62,62,0,0,302,297,2,0,12,3,,,,,113,85764,85060,704,0,467837,455668,10835,0,83680,8992,1334,369,369,369,0,.20529801,.20875421,0,,262,0,83,4,,1,.29508197
2020-11-30,226,226,0,0,1444,1397,47,0,13,0,,,,,251,85990,85286,704,0,469281,457065,10882,0,83931,9005,1334,369,369,369,0,.1565097,.16177523,0,,263,0,22,2,,1,0
2020-12-01,210,210,0,0,1338,1303,34,0,18,1,,,,,304,86200,85496,704,0,470619,458368,10916,0,84235,9023,1335,369,369,369,0,.15695067,.16116653,0,,264,0,55,8,,1,.29824561
2020-12-02,284,284,0,0,1534,1504,26,0,22,4,1,1,1,0,277,86484,85780,704,0,472153,459872,10942,0,84512,9045,1339,370,370,370,0,.1851369,.18882979,0,,265,0,83,4,,1,
2020-12-03,215,213,2,0,1179,1152,26,0,20,1,,,,,262,86699,85993,706,0,473332,461024,10968,0,84774,9065,1340,370,370,370,0,.18235794,.18489583,.07692308,,266,0,65,4,,1,
2020-12-04,196,195,1,0,1348,1303,42,0,22,3,,,,,361,86895,86188,707,0,474680,462327,11010,0,85135,9087,1343,370,370,370,0,.1454006,.14965464,.023809524,,267,0,87,5,,.984375,
2020-12-05,179,179,0,0,1117,1074,41,0,13,2,1,1,1,0,394,87074,86367,707,0,475797,463401,11051,0,85529,9100,1345,371,371,371,0,.16025068,.16666667,0,,268,0,119,5,,1,
2020-12-06,45,45,0,0,281,280,1,0,3,0,,,,,71,87119,86412,707,0,476078,463681,11052,0,85600,9103,1345,371,371,371,0,.16014235,.16071428,0,,269,0,80,1,,1,
2020-12-07,183,183,0,0,1028,971,56,0,16,1,1,1,1,0,227,87302,86595,707,0,477106,464652,11108,0,85827,9119,1346,372,372,372,0,.17801556,.18846551,0,,270,0,18,9,,1,
2020-12-08,110,109,1,0,773,716,55,0,5,2,,,,,207,87412,86704,708,0,477879,465368,11163,0,86034,9124,1348,372,372,372,0,.14230272,.15223464,.018181818,,271,0,94,2,,1,
2020-12-09,255,253,2,0,1477,1450,24,0,26,3,1,1,1,0,287,87667,86957,710,0,479356,466818,11187,0,86321,9150,1351,373,373,373,0,.17264725,.17448276,.083333336,,272,0,127,6,,1,
2020-12-10,157,156,1,0,1294,1243,49,0,15,2,,,,,230,87824,87113,711,0,480650,468061,11236,0,86551,9165,1353,373,373,373,0,.12132921,.12550281,.020408163,,273,0,59,4,,1,
2020-12-11,322,322,0,0,1670,1611,58,0,23,1,,,,,192,88146,87435,711,0,482320,469672,11294,0,86743,9188,1354,373,373,373,0,.19281437,.19987585,0,,274,0,81,3,,1,
2020-12-12,215,214,1,0,1193,1157,35,0,13,1,1,1,1,0,191,88361,87649,712,0,483513,470829,11329,0,86934,9201,1355,374,374,374,0,.18021794,.18496111,.028571429,,275,0,99,3,,1,
2020-12-13,47,47,0,0,287,287,0,0,4,0,,,,,46,88408,87696,712,0,483800,471116,11329,0,86980,9205,1355,374,374,374,0,.16376306,.16376306,,,276,0,104,3,,1,
2020-12-14,221,221,0,0,1110,1061,46,0,29,3,,,,,186,88629,87917,712,0,484910,472177,11375,0,87166,9234,1358,374,374,374,0,.19909909,.20829406,0,,277,0,18,2,,,
2020-12-15,329,329,0,0,2046,1974,69,0,37,3,1,1,1,0,126,88958,88246,712,0,486956,474151,11444,0,87292,9271,1361,375,375,375,0,.16080156,.16666667,0,,278,0,77,1,,1,
2020-12-16,427,427,0,0,1895,1850,43,0,18,2,1,0,0,0,250,89385,88673,712,0,488851,476001,11487,0,87542,9289,1363,376,375,375,0,.22532982,.23081081,0,,279,0,0,3,,1,
2020-12-17,273,272,1,0,1726,1647,76,0,22,3,,,,,147,89658,88945,713,0,490577,477648,11563,0,87689,9311,1366,376,375,375,0,.15816918,.16514875,.013157895,,280,0,,1,,1,
2020-12-18,385,384,1,0,2176,2115,61,0,13,0,,,,,333,90043,89329,714,0,492753,479763,11624,0,88022,9324,1366,376,375,375,0,.17693014,.18156028,.016393442,,281,0,,1,,1,
2020-12-19,404,404,0,0,2290,2270,20,0,17,0,,,,,218,90447,89733,714,0,495043,482033,11644,0,88240,9341,1366,376,375,375,0,.17641921,.17797357,0,,282,0,,1,,1,
2020-12-20,55,55,0,0,326,326,0,0,5,0,1,1,1,0,43,90502,89788,714,0,495369,482359,11644,0,88283,9346,1366,377,376,376,0,.16871166,.16871166,,,283,0,,4,,1,
2020-12-21,193,193,0,0,1119,1064,53,0,24,2,,,,,227,90695,89981,714,0,496488,483423,11697,0,88510,9370,1368,377,376,376,0,.17247543,.18139097,0,,284,0,,4,,1,
2020-12-22,111,111,0,0,1031,984,43,0,9,4,,,,,280,90806,90092,714,0,497519,484407,11740,0,88790,9379,1372,377,376,376,0,.10766246,.11280487,0,,285,0,,2,,1,
2020-12-23,138,138,0,0,942,900,39,0,5,3,,,,,409,90944,90230,714,0,498461,485307,11779,0,89199,9384,1375,377,376,376,0,.14649682,.15333334,0,,286,0,,7,,1,
2020-12-24,92,92,0,0,450,420,29,0,8,1,,,,,267,91036,90322,714,0,498911,485727,11808,0,89466,9392,1376,377,376,376,0,.20444444,.21904762,0,,287,0,,5,,1,
2020-12-25,32,31,1,0,170,166,1,0,1,3,1,0,0,0,370,91068,90353,715,0,499081,485893,11809,0,89836,9393,1379,378,376,376,0,.1882353,.18674698,1,,288,0,,3,,1,
2020-12-26,101,100,1,0,745,710,35,0,4,0,1,0,0,0,392,91169,90453,716,0,499826,486603,11844,0,90228,9397,1379,379,376,376,0,.13557047,.14084508,.028571429,,289,0,,3,,1,
2020-12-27,47,47,0,0,233,233,0,0,4,0,1,0,0,0,54,91216,90500,716,0,500059,486836,11844,0,90282,9401,1379,380,376,376,0,.20171674,.20171674,,,290,0,,4,,1,
2020-12-28,187,187,0,0,861,817,40,0,12,4,3,1,1,0,193,91403,90687,716,0,500920,487653,11884,0,90475,9413,1383,383,377,377,0,.21718931,.22888617,0,,291,0,,3,,,
2020-12-29,213,211,2,0,1036,991,45,0,14,0,2,2,2,0,152,91616,90898,718,0,501956,488644,11929,0,90627,9427,1383,385,379,379,0,.20559846,.21291624,.044444446,,292,0,,5,,1,
2020-12-30,114,113,1,0,819,760,58,0,13,1,2,0,0,0,166,91730,91011,719,0,502775,489404,11987,0,90793,9440,1384,387,379,379,0,.13919415,.1486842,.017241379,,293,0,,2,,1,
2020-12-31,93,90,3,0,784,651,132,0,6,1,3,0,0,0,112,91823,91101,722,0,503559,490055,12119,0,90905,9446,1385,390,379,379,0,.11862245,.13824885,.022727273,,294,0,,2,,1,
2021-01-01,0,0,0,0,181,176,0,4,0,1,6,1,1,0,61,91823,91101,722,0,503740,490231,12119,4,90966,9446,1386,396,380,380,0,0,0,,0,295,0,,1,,1,
2021-01-02,3,0,1,2,525,489,1,35,1,0,11,0,0,0,121,91826,91101,723,2,504265,490720,12120,39,91087,9447,1386,407,380,380,0,.0057142857,0,1,.057142857,296,0,,3,,1,
2021-01-03,5,0,4,1,282,265,4,10,3,3,164,157,157,0,50,91831,91101,727,3,504547,490985,12124,49,91137,9450,1389,571,537,537,0,.017730497,0,1,.1,297,0,,1,,1,
2021-01-04,35,0,30,5,972,855,30,86,30,1,79,70,70,1,181,91866,91101,757,8,505519,491840,12154,135,91318,9480,1390,650,607,607,1,.036008231,0,1,.058139537,298,0,,5,,1,
2021-01-05,30,0,20,10,888,800,20,66,20,2,56,46,46,0,205,91896,91101,777,18,506407,492640,12174,201,91523,9500,1392,706,653,653,1,.033783782,0,1,.15151516,299,0,,2,,1,
2021-01-06,58,0,49,9,1012,903,49,59,49,1,50,41,41,0,115,91954,91101,826,27,507419,493543,12223,260,91638,9549,1393,756,694,694,1,.057312254,0,1,.15254237,300,0,,3,,1,
2021-01-07,37,0,32,5,1083,957,32,89,32,5,53,40,40,1,92,91991,91101,858,32,508502,494500,12255,349,91730,9581,1398,809,734,734,2,.034164358,0,1,.056179777,301,0,,1,,1,
2021-01-08,49,0,43,6,1003,900,43,50,44,10,81,63,63,0,5,92040,91101,901,38,509505,495400,12298,399,91735,9625,1408,890,797,797,2,.048853438,0,1,.12,302,0,,3,,1,
2021-01-09,35,0,24,11,1014,775,24,212,23,3,66,51,51,0,11,92075,91101,925,49,510519,496175,12322,611,91746,9648,1411,956,848,848,2,.034516767,0,1,.051886793,303,0,,5,,1,
2021-01-10,2,0,0,2,296,280,0,12,1,4,122,90,90,3,5,92077,91101,925,51,510815,496455,12322,623,91751,9649,1415,1078,938,938,5,.0067567569,0,,.16666667,304,0,,5,,1,
2021-01-11,44,0,30,14,903,736,30,133,28,4,72,57,57,0,19,92121,91101,955,65,511718,497191,12352,756,91770,9677,1419,1150,995,995,5,.048726466,0,1,.10526316,305,0,,1,,,
2021-01-12,56,0,49,7,975,850,49,74,49,2,79,60,60,2,25,92177,91101,1004,72,512693,498041,12401,830,91795,9726,1421,1229,1055,1055,7,.057435896,0,1,.094594598,306,0,,2,,1,
2021-01-13,76,0,62,14,763,588,62,106,62,7,68,48,48,0,15,92253,91101,1066,86,513456,498629,12463,936,91810,9788,1428,1297,1103,1103,7,.099606812,0,1,.13207547,307,0,,2,,1,
2021-01-14,275,209,52,14,1155,1019,52,79,79,5,74,50,50,4,13,92528,91310,1118,100,514611,499648,12515,1015,91823,9867,1433,1371,1153,1153,11,.23809524,.20510304,1,.17721519,308,0,,2,,1,
2021-01-15,469,413,45,11,2097,1959,45,89,80,4,129,83,83,6,,92997,91723,1163,111,516708,501607,12560,1104,91823,9947,1437,1500,1236,1236,17,.22365284,.21082185,1,.12359551,309,0,,2,,1,
2021-01-16,348,234,103,11,1507,1338,104,56,124,9,85,65,65,3,3,93345,91957,1266,122,518215,502945,12664,1160,91826,10071,1446,1585,1301,1301,20,.23092236,.1748879,.99038464,.19642857,310,0,,3,,1,
2021-01-17,95,83,6,6,374,309,6,54,30,5,98,69,69,4,5,93440,92040,1272,128,518589,503254,12670,1214,91831,10101,1451,1683,1370,1370,24,.25401071,.26860842,1,.11111111,311,0,,3,,1,
2021-01-18,339,234,80,25,1030,815,80,127,104,8,131,83,83,8,35,93779,92274,1352,153,519619,504069,12750,1341,91866,10205,1459,1814,1453,1453,32,.32912621,.28711656,1,.19685039,312,0,,0,,1,
2021-01-19,312,226,51,35,1046,864,51,125,75,6,95,74,74,3,30,94091,92500,1403,188,520665,504933,12801,1466,91896,10280,1465,1909,1527,1527,35,.29827917,.26157406,1,.28,313,0,,3,,1,
2021-01-20,384,248,110,26,1284,985,110,182,146,7,176,120,120,8,58,94475,92748,1513,214,521949,505918,12911,1648,91954,10426,1472,2085,1647,1647,43,.29906541,.25177664,1,.14285715,314,0,,1,,1,
2021-01-21,357,266,53,38,1212,985,53,162,94,12,100,71,71,8,217,94832,93014,1566,252,523161,506903,12964,1810,92171,10520,1484,2185,1718,1718,51,.29455444,.27005076,1,.2345679,315,0,,0,,1,
2021-01-22,364,250,83,31,1331,1069,83,170,130,9,102,76,76,8,419,95196,93264,1649,283,524492,507972,13047,1980,92590,10650,1493,2287,1794,1794,59,.2734786,.23386343,1,.18235295,316,0,,1,,1,
2021-01-23,325,168,121,36,821,572,121,118,147,10,102,78,78,7,243,95521,93432,1770,319,525313,508544,13168,2098,92833,10797,1503,2389,1872,1872,66,.39585871,.2937063,1,.30508474,317,0,,1,,1,
2021-01-24,108,101,3,4,448,408,3,34,26,3,110,79,79,17,79,95629,93533,1773,323,525761,508952,13171,2132,92912,10823,1506,2499,1951,1951,83,.24107143,.24754901,1,.11764706,318,0,,0,,1,
2021-01-25,339,272,5,62,1406,1105,5,285,55,11,132,82,82,16,246,95968,93805,1778,385,527167,510057,13176,2417,93158,10878,1517,2631,2033,2033,99,.24110954,.24615385,1,.21754386,319,0,,1,,1,
2021-01-26,327,211,68,48,1266,935,68,255,110,8,129,88,88,18,242,96295,94016,1846,433,528433,510992,13244,2672,93400,10988,1525,2760,2121,2121,117,.25829384,.22566845,1,.1882353,320,0,,1,,1,
2021-01-27,510,270,152,88,1555,967,152,424,198,12,106,71,71,23,281,96805,94286,1998,521,529988,511959,13396,3096,93681,11186,1537,2866,2192,2192,140,.32797429,.27921405,1,.20754717,321,0,,2,,1,
2021-01-28,431,231,99,101,1578,1067,99,398,169,14,111,61,61,21,316,97236,94517,2097,622,531566,513026,13495,3494,93997,11355,1551,2977,2253,2253,161,.27313054,.21649484,1,.25376883,322,0,,1,,.75,
2021-01-29,454,225,138,91,1723,1130,138,443,195,12,62,41,41,12,304,97690,94742,2235,713,533289,514156,13633,3937,94301,11550,1563,3039,2294,2294,173,.2634939,.19911504,1,.2054176,323,0,,5,,1,
2021-01-30,365,200,46,119,1682,747,46,881,104,8,87,52,52,18,280,98055,94942,2281,832,534971,514903,13679,4818,94581,11654,1571,3126,2346,2346,191,.21700357,.26773763,1,.13507378,324,0,,2,,1,
2021-01-31,226,80,99,47,676,337,99,227,124,13,74,46,46,16,108,98281,95022,2380,879,535647,515240,13778,5045,94689,11778,1584,3200,2392,2392,207,.33431953,.23738873,1,.20704846,325,0,,3,,1,
2021-02-01,459,222,92,145,2009,904,92,1002,154,11,147,85,85,29,368,98740,95244,2472,1024,537656,516144,13870,6047,95057,11932,1595,3347,2477,2477,236,.22847188,.24557522,1,.14471059,326,0,,2,,1,
2021-02-02,394,213,65,116,1713,946,65,692,129,10,119,75,75,24,307,99134,95457,2537,1140,539369,517090,13935,6739,95364,12061,1605,3466,2552,2552,260,.23000583,.22515856,1,.16763006,327,0,,3,,1,
2021-02-03,357,199,48,110,1585,843,48,681,100,13,93,67,67,14,396,99491,95656,2585,1250,540954,517933,13983,7420,95760,12161,1618,3559,2619,2619,274,.22523659,.23606168,1,.16152717,328,0,,1,,1,
2021-02-04,382,192,75,115,1720,717,75,915,141,13,90,63,63,17,330,99873,95848,2660,1365,542674,518650,14058,8335,96090,12302,1631,3649,2682,2682,291,.22209302,.26778242,1,.12568305,329,0,,1,,1,
2021-02-05,405,169,110,126,1553,682,110,748,159,13,117,69,69,24,354,100278,96017,2770,1491,544227,519332,14168,9083,96444,12461,1644,3766,2751,2751,315,.26078558,.24780059,1,.16844919,330,0,,1,,.8888889,
2021-02-06,324,126,101,97,1206,467,101,630,142,8,92,64,64,18,353,100602,96143,2871,1588,545433,519799,14269,9713,96797,12603,1652,3858,2815,2815,333,.26865673,.26980728,1,.15396826,331,0,,1,,.9375,
2021-02-07,144,73,1,70,511,209,1,288,35,13,105,63,63,29,86,100746,96216,2872,1658,545944,520008,14270,10001,96883,12638,1665,3963,2878,2878,362,.28180039,.34928229,1,.24305555,332,0,,1,,1,
2021-02-08,452,219,51,182,1817,907,52,849,97,9,104,58,58,33,299,101198,96435,2923,1840,547761,520915,14322,10850,97182,12735,1674,4067,2936,2936,395,.2487617,.24145535,.98076922,.21436985,333,0,,,,1,
2021-02-09,418,167,122,129,1439,558,122,743,171,16,88,62,62,14,328,101616,96602,3045,1969,549200,521473,14444,11593,97510,12906,1690,4155,2998,2998,409,.29047951,.29928315,1,.17362046,334,0,,,,1,
2021-02-10,416,167,89,160,1907,559,89,1244,145,15,110,59,59,23,461,102032,96769,3134,2129,551107,522032,14533,12837,97971,13051,1705,4265,3057,3057,432,.21814369,.29874778,1,.12861736,335,0,,,,1,
2021-02-11,365,183,70,112,1538,765,70,675,103,28,76,53,53,15,403,102397,96952,3204,2241,552645,522797,14603,13512,98374,13154,1733,4341,3110,3110,447,.2373212,.23921569,1,.16592592,336,0,,,,1,
2021-02-12,372,161,74,137,1684,705,74,893,134,12,93,49,49,26,410,102769,97113,3278,2378,554329,523502,14677,14405,98784,13288,1745,4434,3159,3159,473,.22090261,.22836879,1,.15341546,337,0,,,,1,
2021-02-13,361,178,70,113,1550,545,70,923,124,12,97,62,62,24,301,103130,97291,3348,2491,555879,524047,14747,15328,99085,13412,1757,4531,3221,3221,497,.23290323,.3266055,1,.12242687,338,0,,,,1,
2021-02-14,78,27,0,51,308,82,0,215,18,11,101,54,54,26,222,103208,97318,3348,2542,556187,524129,14747,15543,99307,13430,1768,4632,3275,3275,523,.25324675,.32926831,,.23720931,339,0,,,,1,
2021-02-15,423,181,77,165,1674,757,77,825,125,15,134,80,80,32,463,103631,97499,3425,2707,557861,524886,14824,16368,99770,13555,1783,4766,3355,3355,555,.25268817,.23910172,1,.2,340,0,,,,1,
2021-02-16,353,166,59,128,1407,564,59,770,113,14,85,44,44,36,352,103984,97665,3484,2835,559268,525450,14883,17138,100122,13668,1797,4851,3399,3399,591,.25088841,.29432625,1,.16623376,341,0,,,,1,
2021-02-17,344,143,77,124,1356,469,77,794,133,16,68,35,35,28,334,104328,97808,3561,2959,560624,525919,14960,17932,100456,13801,1813,4919,3434,3434,619,.25368732,.30490404,1,.15617129,342,0,,,,.97297299,
2021-02-18,322,140,51,131,1339,509,51,769,96,10,94,65,65,19,379,104650,97948,3612,3090,561963,526428,15011,18701,100835,13897,1823,5013,3499,3499,638,.24047796,.27504912,1,.1703511,343,0,,,,.94444442,
2021-02-19,368,129,69,170,1496,467,69,942,119,18,99,51,51,35,392,105018,98077,3681,3260,563459,526895,15080,19643,101227,14016,1841,5112,3550,3550,673,.24598931,.27623126,1,.18046708,344,0,,,,.5,
2021-02-20,317,100,81,136,1492,491,81,911,127,9,160,101,101,40,365,105335,98177,3762,3396,564951,527386,15161,20554,101592,14143,1850,5272,3651,3651,713,.21246649,.20366599,1,.14928649,345,0,,,,.85714287,
2021-02-21,130,61,0,69,560,171,0,374,39,15,79,50,50,23,99,105465,98238,3762,3465,565511,527557,15161,20928,101691,14182,1865,5351,3701,3701,736,.23214285,.35672516,,.18449198,346,0,,,,.4375,
2021-02-22,429,136,77,216,1733,646,77,990,150,20,98,58,58,30,409,105894,98374,3839,3681,567244,528203,15238,21918,102100,14332,1885,5449,3759,3759,766,.24754761,.21052632,1,.21818182,347,0,,,,1,
2021-02-23,385,182,72,131,1599,543,72,962,127,22,80,48,48,21,421,106279,98556,3911,3812,568843,528746,15310,22880,102521,14459,1907,5529,3807,3807,787,.24077548,.33517495,1,.13617463,348,0,,,,1,
2021-02-24,376,132,71,173,1607,426,71,1093,136,17,74,42,42,28,393,106655,98688,3982,3985,570450,529172,15381,23973,102914,14595,1924,5603,3849,3849,815,.23397635,.30985916,1,.15827997,349,0,,,,.85714287,
2021-02-25,451,208,80,163,1689,558,80,1029,131,22,79,55,55,19,323,107106,98896,4062,4148,572139,529730,15461,25002,103237,14726,1946,5682,3904,3904,834,.26702189,.37275985,1,.15840621,350,0,,,,.66666669,
2021-02-26,398,222,70,106,1597,595,70,915,112,17,104,58,58,36,349,107504,99118,4132,4254,573736,530325,15531,25917,103586,14838,1963,5786,3962,3962,870,.24921729,.37310925,1,.11584699,351,0,,,,.1724138,
2021-02-27,395,199,68,128,1281,472,68,727,132,14,102,72,72,26,306,107899,99317,4200,4382,575017,530797,15599,26644,103892,14970,1977,5888,4034,4034,896,.30835286,.42161018,1,.17606603,352,0,,,,.3482143,
2021-02-28,89,25,1,63,431,132,1,278,21,20,134,71,71,55,107,107988,99342,4201,4445,575448,530929,15600,26922,103999,14991,1997,6022,4105,4105,951,.20649652,.18939394,1,.22661871,353,0,,,,.25,
2021-03-01,446,177,67,202,1818,693,67,1034,144,24,163,86,86,64,391,108434,99519,4268,4647,577266,531622,15667,27956,104390,15135,2021,6185,4191,4191,1015,.24532454,.25541127,1,.19535783,354,0,,,,.66666669,
2021-03-02,392,127,71,194,1542,530,71,928,119,13,105,66,66,32,376,108826,99646,4339,4841,578808,532152,15738,28884,104766,15254,2034,6290,4257,4257,1047,.2542153,.23962264,1,.20905173,355,0,,,,.31428573,
2021-03-03,476,200,98,178,1866,706,98,1045,165,17,106,57,57,40,333,109302,99846,4437,5019,580674,532858,15836,29929,105099,15419,2051,6396,4314,4314,1087,.2550911,.28328612,1,.17033494,356,0,,,,.28666666,
2021-03-04,418,186,69,163,1636,639,69,905,127,23,89,45,45,34,387,109720,100032,4506,5182,582310,533497,15905,30834,105486,15546,2074,6485,4359,4359,1121,.25550121,.29107982,1,.1801105,357,0,,,,.14634146,
2021-03-05,397,124,86,187,1456,449,86,907,141,14,103,55,55,32,458,110117,100156,4592,5369,583766,533946,15991,31741,105944,15687,2088,6588,4414,4414,1153,.27266484,.27616927,1,.20617419,358,0,,,,.24778761,
2021-03-06,386,123,80,183,1587,453,80,1033,133,21,106,57,57,44,406,110503,100279,4672,5552,585353,534399,16071,32774,106350,15820,2109,6694,4471,4471,1197,.24322622,.27152318,1,.17715392,359,0,,,,.18954249,
2021-03-07,87,29,2,56,431,149,2,254,26,26,92,56,56,34,102,110590,100308,4674,5608,585784,534548,16073,33028,106452,15846,2135,6786,4527,4527,1231,.20185615,.19463088,1,.22047244,360,0,,,,.29508197,
2021-03-08,421,177,33,211,1943,698,33,1197,100,15,132,71,71,43,476,111011,100485,4707,5819,587727,535246,16106,34225,106928,15946,2150,6918,4598,4598,1274,.21667525,.25358167,1,.17627402,361,0,,,,0,
2021-03-09,461,163,85,213,1966,726,85,1142,134,13,83,49,49,31,331,111472,100648,4792,6032,589693,535972,16191,35367,107259,16080,2163,7001,4647,4647,1305,.23448627,.22451791,1,.18651488,362,0,,,,.29824561,
2021-03-10,468,157,62,249,2039,608,62,1357,125,12,141,74,74,51,449,111940,100805,4854,6281,591732,536580,16253,36724,107708,16205,2175,7142,4721,4721,1356,.22952427,.25822368,1,.183493,363,0,,,,,
2021-03-11,458,181,80,197,2080,640,80,1339,140,21,70,38,38,27,437,112398,100986,4934,6478,593812,537220,16333,38063,108145,16345,2196,7212,4759,4759,1383,.22019231,.28281251,1,.14712472,364,0,,,,,
2021-03-12,410,159,57,194,2166,682,57,1414,120,13,122,71,71,41,305,112808,101145,4991,6672,595978,537902,16390,39477,108450,16465,2209,7334,4830,4830,1424,.18928902,.23313783,1,.13719943,365,0,,,,,
2021-03-13,330,126,62,142,1687,505,62,1098,101,22,133,71,71,52,312,113138,101271,5053,6814,597665,538407,16452,40575,108762,16566,2231,7467,4901,4901,1476,.19561352,.24950495,1,.12932605,366,0,,,,,
2021-03-14,112,15,2,95,450,85,2,340,26,23,116,60,60,49,95,113250,101286,5055,6909,598115,538492,16454,40915,108857,16592,2254,7583,4961,4961,1525,.24888889,.17647059,1,.27941176,367,0,,,,,
2021-03-15,519,166,63,290,1821,601,63,1144,136,13,163,97,97,55,438,113769,101452,5118,7199,599936,539093,16517,42059,109295,16728,2267,7746,5058,5058,1580,.28500825,.27620631,1,.2534965,368,0,,,,,
2021-03-16,390,97,93,200,1298,349,93,841,147,15,106,72,72,27,430,114159,101549,5211,7399,601234,539442,16610,42900,109725,16875,2282,7852,5130,5130,1607,.30046225,.27793697,1,.23781213,369,0,,,,,
2021-03-17,412,86,77,249,1318,297,77,929,146,15,115,69,69,40,428,114571,101635,5288,7648,602552,539739,16687,43829,110153,17021,2297,7967,5199,5199,1647,.31259483,.28956228,1,.26803014,370,0,,,,,
2021-03-18,394,109,70,215,1327,354,70,891,145,12,123,81,81,35,411,114965,101744,5358,7863,603879,540093,16757,44720,110564,17166,2309,8090,5280,5280,1682,.29691032,.30790961,1,.24130191,371,0,,,,,
2021-03-19,412,102,80,230,1503,348,80,1060,149,15,110,67,67,41,430,115377,101846,5438,8093,605382,540441,16837,45780,110994,17315,2324,8200,5347,5347,1723,.27411842,.29310346,1,.21698113,372,0,,,,,
2021-03-20,363,86,102,175,1374,351,102,903,150,18,183,127,127,48,402,115740,101932,5540,8268,606756,540792,16939,46683,111396,17465,2342,8383,5474,5474,1771,.26419213,.24501425,1,.19379845,373,0,,,,,
2021-03-21,118,20,1,97,374,65,1,291,32,17,106,62,62,42,74,115858,101952,5541,8365,607130,540857,16940,46974,111470,17497,2359,8489,5536,5536,1813,.31550801,.30769232,1,.33333334,374,0,,,,,
2021-03-22,505,135,81,289,1602,419,81,1093,141,9,137,78,78,51,407,116363,102087,5622,8654,608732,541276,17021,48067,111877,17638,2368,8626,5614,5614,1864,.31523097,.32219571,1,.26440987,375,0,,,,,
2021-03-23,449,115,100,234,1567,380,100,1068,162,19,112,57,57,50,400,116812,102202,5722,8888,610299,541656,17121,49135,112277,17800,2387,8738,5671,5671,1914,.28653479,.30263159,1,.21910113,376,0,,,,,
2021-03-24,483,127,104,252,1751,490,104,1136,168,21,109,66,66,39,398,117295,102329,5826,9140,612050,542146,17225,50271,112675,17968,2408,8847,5737,5737,1953,.27584237,.25918368,1,.22183098,377,0,,,,,
2021-03-25,533,159,117,257,1678,419,117,1126,182,16,110,60,60,39,386,117828,102488,5943,9397,613728,542565,17342,51397,113061,18150,2424,8957,5797,5797,1992,.31764004,.37947494,1,.22824156,378,0,,,,,
2021-03-26,451,122,88,241,1560,379,88,1077,148,16,103,54,54,45,354,118279,102610,6031,9638,615288,542944,17430,52474,113415,18298,2440,9060,5851,5851,2037,.28910255,.32189974,1,.22376972,379,0,,,,,
2021-03-27,383,125,63,195,1299,445,63,772,119,19,97,40,40,51,292,118662,102735,6094,9833,616587,543389,17493,53246,113707,18417,2459,9157,5891,5891,2088,.29484218,.28089887,1,.25259069,380,0,,,,,
2021-03-28,123,33,1,89,438,95,1,320,29,22,149,70,70,71,117,118785,102768,6095,9922,617025,543484,17494,53566,113824,18446,2481,9306,5961,5961,2159,.28082192,.34736842,1,.27812499,381,0,,,,,
2021-03-29,578,171,61,346,2018,623,61,1313,132,21,139,80,80,49,484,119363,102939,6156,10268,619043,544107,17555,54879,114308,18578,2502,9445,6041,6041,2208,.28642219,.27447832,1,.26351866,382,0,,,,,
2021-03-30,480,139,83,258,1925,530,83,1295,158,17,94,53,53,36,404,119843,103078,6239,10526,620968,544637,17638,56174,114712,18736,2519,9539,6094,6094,2244,.24935065,.26226416,1,.1992278,383,0,,,,,
2021-03-31,532,145,75,312,1876,550,75,1230,152,21,89,51,51,36,456,120375,103223,6314,10838,622844,545187,17713,57404,115168,18888,2540,9628,6145,6145,2280,.28358209,.26363635,1,.25365853,384,0,,,,,
2021-04-01,291,51,51,189,731,173,51,491,111,16,222,111,111,87,444,120666,103274,6365,11027,623575,545360,17764,57895,115612,18999,2556,9850,6256,6256,2367,.39808482,.29479769,1,.3849287,385,0,,,,,
2021-04-02,183,28,2,153,514,76,2,419,47,17,120,45,45,69,428,120849,103302,6367,11180,624089,545436,17766,58314,116040,19046,2573,9970,6301,6301,2436,.35603112,.36842105,1,.36515513,386,0,,,,,
2021-04-03,434,62,104,268,1368,196,104,1041,168,27,135,67,67,64,398,121283,103364,6471,11448,625457,545632,17870,59355,116438,19214,2600,10105,6368,6368,2500,.31725147,.31632653,1,.25744477,387,0,,,,,
2021-04-04,134,13,1,120,438,71,1,342,41,24,127,64,64,60,125,121417,103377,6472,11568,625895,545703,17871,59697,116563,19255,2624,10232,6432,6432,2560,.30593607,.18309858,1,.3508772,388,0,,,,,
2021-04-05,741,212,65,464,2294,732,65,1473,172,24,150,69,69,70,542,122158,103589,6537,12032,628189,546435,17936,61170,117105,19427,2648,10382,6501,6501,2630,.32301655,.28961748,1,.3150034,389,0,,,,,
2021-04-06,571,166,26,379,2098,516,26,1530,135,26,150,71,71,71,464,122729,103755,6563,12411,630287,546951,17962,62700,117569,19562,2674,10532,6572,6572,2701,.27216396,.32170543,1,.24771242,390,0,,,,,
2021-04-07,695,170,169,356,2116,481,169,1449,256,17,106,45,45,57,494,123424,103925,6732,12767,632403,547432,18131,64149,118063,19818,2691,10638,6617,6617,2758,.3284499,.35343036,1,.24568668,391,0,,,,,
2021-04-08,638,191,117,330,2145,607,117,1395,216,26,138,50,50,71,431,124062,104116,6849,13097,634548,548039,18248,65544,118494,20034,2717,10776,6667,6667,2829,.29743591,.31466228,1,.23655914,392,0,,,,,
2021-04-09,524,120,65,339,1908,349,65,1470,153,24,136,57,57,76,371,124586,104236,6914,13436,636456,548388,18313,67014,118865,20187,2741,10912,6724,6724,2905,.27463311,.34383956,1,.23061225,393,0,,,,,
2021-04-10,546,130,105,311,1644,398,105,1122,187,19,150,60,60,77,327,125132,104366,7019,13747,638100,548786,18418,68136,119192,20374,2760,11062,6784,6784,2982,.33211678,.32663316,1,.27718359,394,0,,,,,
2021-04-11,139,29,0,110,487,72,0,398,33,17,101,48,48,48,108,125271,104395,7019,13857,638587,548858,18418,68534,119300,20407,2777,11163,6832,6832,3030,.28542095,.40277779,,.27638191,395,0,,,,,
2021-04-12,618,162,60,396,2074,529,60,1465,172,20,147,63,63,70,613,125889,104557,7079,14253,640661,549387,18478,69999,119913,20579,2797,11310,6895,6895,3100,.29797491,.30623817,1,.27030715,396,0,,,,,
2021-04-13,569,148,48,373,1887,360,48,1457,145,22,117,49,49,62,509,126458,104705,7127,14626,642548,549747,18526,71456,120422,20724,2819,11427,6944,6944,3162,.30153683,.41111112,1,.2560055,397,0,,,,,
2021-04-14,535,139,100,296,2037,395,100,1518,177,24,110,38,38,63,568,126993,104844,7227,14922,644585,550142,18626,72974,120990,20901,2843,11537,6982,6982,3225,.26264113,.35189873,1,.19499341,398,0,,,,,
2021-04-15,528,132,73,323,1789,394,73,1296,145,26,116,44,44,58,407,127521,104976,7300,15245,646374,550536,18699,74270,121397,21046,2869,11653,7026,7026,3283,.29513696,.33502537,1,.24922839,399,0,,,,,
2021-04-16,496,120,72,304,1658,352,72,1209,157,25,137,60,60,73,269,128017,105096,7372,15549,648032,550888,18771,75479,121666,21203,2894,11790,7086,7086,3356,.29915562,.34090909,1,.25144747,400,0,,,,,
2021-04-17,431,89,70,272,1422,326,71,1000,145,25,129,61,61,58,496,128448,105185,7442,15821,649454,551214,18842,76479,122162,21348,2919,11919,7147,7147,3414,.30309424,.27300614,.98591548,.27200001,401,0,,,,,
2021-04-18,137,23,0,114,486,84,0,370,39,32,144,68,68,65,149,128585,105208,7442,15935,649940,551298,18842,76849,122311,21387,2951,12063,7215,7215,3479,.28189301,.27380952,,.30810812,402,0,,,,,
2021-04-19,668,160,62,446,2271,428,62,1762,198,19,119,58,58,54,698,129253,105368,7504,16381,652211,551726,18904,78611,123009,21585,2970,12182,7273,7273,3533,.29414356,.37383178,1,.25312147,403,0,,,,,
2021-04-20,485,141,42,302,1699,334,42,1300,133,23,145,70,70,60,547,129738,105509,7546,16683,653910,552060,18946,79911,123556,21718,2993,12327,7343,7343,3593,.28546202,.42215568,1,.23230769,404,0,,,,,
2021-04-21,430,136,19,275,1607,382,19,1183,88,23,91,34,34,51,658,130168,105645,7565,16958,655517,552442,18965,81094,124214,21806,3016,12418,7377,7377,3644,.26757935,.35602096,1,.23245984,405,0,,,,,
2021-04-22,481,124,75,282,1579,390,75,1090,164,24,103,48,48,48,597,130649,105769,7640,17240,657096,552832,19040,82184,124811,21970,3040,12521,7425,7425,3692,.30462319,.31794873,1,.2587156,406,0,,,,,
2021-04-23,533,125,128,280,1903,369,128,1387,201,19,113,52,52,48,520,131182,105894,7768,17520,658999,553201,19168,83571,125331,22171,3059,12634,7477,7477,3740,.28008407,.3387534,1,.20187455,407,0,,,,,
2021-04-24,425,110,76,239,1434,242,76,1097,142,19,113,49,49,54,509,131607,106004,7844,17759,660433,553443,19244,84668,125840,22313,3078,12747,7526,7526,3794,.29637378,.45454547,1,.21786691,408,0,,,,,
2021-04-25,88,18,0,70,462,53,0,390,27,19,107,48,48,51,134,131695,106022,7844,17829,660895,553496,19244,85058,125974,22340,3097,12854,7574,7574,3845,.19047619,.33962265,,.17948718,409,0,,,,,
2021-04-26,607,139,70,398,2180,433,70,1658,167,19,120,59,59,52,621,132302,106161,7914,18227,663075,553929,19314,86716,126595,22507,3116,12974,7633,7633,3897,.27844036,.32101616,1,.24004824,410,0,,,,,
2021-04-27,575,239,58,278,2065,939,58,1052,143,16,98,34,34,58,565,132877,106400,7972,18505,665140,554868,19372,87768,127160,22650,3132,13072,7667,7667,3955,.27845037,.25452608,1,.26425856,411,0,,,,,
2021-04-28,622,249,64,309,2358,1130,64,1140,159,24,87,41,41,35,534,133499,106649,8036,18814,667498,555998,19436,88908,127694,22809,3156,13159,7708,7708,3990,.26378286,.22035398,1,.27105263,412,0,,,,,
2021-04-29,595,294,32,269,2154,1009,32,1085,113,28,77,44,44,30,515,134094,106943,8068,19083,669652,557007,19468,89993,128209,22922,3184,13236,7752,7752,4020,.27623028,.2913776,1,.24792627,413,0,,,,,
2021-04-30,478,170,52,256,1647,492,52,1086,149,17,117,57,57,52,498,134572,107113,8120,19339,671299,557499,19520,91079,128707,23071,3201,13353,7809,7809,4072,.29022464,.34552845,1,.23572744,414,0,,,,,
2021-05-01,296,59,84,153,1082,188,84,781,123,29,244,116,116,102,444,134868,107172,8204,19492,672381,557687,19604,91860,129151,23194,3230,13597,7925,7925,4174,.27356747,.31382978,1,.19590269,415,0,,,,,
2021-05-02,88,20,1,67,427,52,1,358,28,16,148,84,84,52,134,134956,107192,8205,19559,672808,557739,19605,92218,129285,23222,3246,13745,8009,8009,4226,.20608899,.38461539,1,.18715084,416,0,,,,,
2021-05-03,493,132,34,327,1714,410,34,1240,124,30,145,75,75,59,645,135449,107324,8239,19886,674522,558149,19639,93458,129930,23346,3276,13890,8084,8084,4285,.28763127,.32195121,1,.26370966,417,0,,,,,
2021-05-04,428,133,79,216,1636,447,79,1081,142,29,82,39,39,33,590,135877,107457,8318,20102,676158,558596,19718,94539,130520,23488,3305,13972,8123,8123,4318,.2616137,.29753914,1,.19981499,418,0,,,,,
2021-05-05,463,118,92,253,1427,362,92,953,173,20,122,78,78,39,550,136340,107575,8410,20355,677585,558958,19810,95492,131070,23661,3325,14094,8201,8201,4357,.3244569,.32596686,1,.26547745,419,0,,,,,
2021-05-06,371,118,74,179,1191,338,74,759,143,20,80,44,44,31,663,136711,107693,8484,20534,678776,559296,19884,96251,131733,23804,3345,14174,8245,8245,4388,.31150293,.34911242,1,.23583663,420,0,,,,,
2021-05-07,492,226,76,190,1810,852,76,853,129,29,115,64,64,44,574,137203,107919,8560,20724,680586,560148,19960,97104,132307,23933,3374,14289,8309,8309,4432,.2718232,.26525822,1,.22274326,421,0,,,,,
2021-05-08,284,102,23,159,909,271,23,606,99,9,137,59,59,66,384,137487,108021,8583,20883,681495,560419,19983,97710,132691,24032,3383,14426,8368,8368,4498,.31243125,.37638375,1,.26237625,422,0,,,,,
2021-05-09,53,9,0,44,267,31,0,214,17,22,117,66,66,44,91,137540,108030,8583,20927,681762,560450,19983,97924,132782,24049,3405,14543,8434,8434,4542,.19850187,.29032257,,.20560747,423,0,,,,,
2021-05-10,802,420,93,289,1992,879,94,998,205,21,183,111,111,60,591,138342,108450,8676,21216,683754,561329,20077,98922,133373,24254,3426,14726,8545,8545,4602,.40261045,.47781569,.9893617,.28957915,424,0,,,,,
2021-05-11,567,237,146,184,1496,535,146,796,213,19,113,59,59,44,458,138909,108687,8822,21400,685250,561864,20223,99718,133831,24467,3445,14839,8604,8604,4646,.37901071,.44299066,1,.23115578,425,0,,,,,
2021-05-12,617,339,61,217,1707,807,61,821,146,18,132,75,75,47,485,139526,109026,8883,21617,686957,562671,20284,100539,134316,24613,3463,14971,8679,8679,4693,.36145285,.42007434,1,.26431182,426,0,,,,,
2021-05-13,480,218,57,205,1451,569,58,808,134,16,113,76,76,27,416,140006,109244,8940,21822,688408,563240,20342,101347,134732,24747,3479,15084,8755,8755,4720,.33080634,.38312829,.98275864,.25371286,427,0,,,,,
2021-05-14,727,455,76,196,1735,885,76,756,157,18,135,65,65,64,541,140733,109699,9016,22018,690143,564125,20418,102103,135273,24904,3497,15219,8820,8820,4784,.41902018,.51412427,1,.25925925,428,0,,,,,
2021-05-15,555,246,128,181,1599,698,128,762,190,11,155,100,100,38,333,141288,109945,9144,22199,691742,564823,20546,102865,135606,25094,3508,15374,8920,8920,4822,.34709194,.35243553,1,.23753281,429,0,,,,,
2021-05-16,112,49,0,63,353,88,0,246,33,19,129,73,73,51,76,141400,109994,9144,22262,692095,564911,20546,103111,135682,25127,3527,15503,8993,8993,4873,.31728044,.55681819,,.25609756,430,0,,,,,
2021-05-17,581,242,86,253,1691,746,86,834,187,25,116,65,65,39,785,141981,110236,9230,22515,693786,565657,20632,103945,136467,25314,3552,15619,9058,9058,4912,.34358367,.32439679,1,.3033573,431,0,,,,,
2021-05-18,678,424,90,164,1600,883,90,615,176,12,110,48,48,49,544,142659,110660,9320,22679,695386,566540,20722,104560,137011,25490,3564,15729,9106,9106,4961,.42375001,.48018119,1,.26666668,432,0,,,,,
2021-05-19,427,147,113,167,1214,451,113,629,177,21,92,52,52,35,683,143086,110807,9433,22846,696600,566991,20835,105189,137694,25667,3585,15821,9158,9158,4996,.35172981,.32594234,1,.26550078,433,0,,,,,
2021-05-20,379,140,93,146,1129,386,93,635,156,15,142,77,77,50,465,143465,110947,9526,22992,697729,567377,20928,105824,138159,25823,3600,15963,9235,9235,5046,.3356953,.36269429,1,.22992127,434,0,,,,,
2021-05-21,439,201,76,162,1232,471,76,672,149,13,94,63,63,26,722,143904,111148,9602,23154,698961,567848,21004,106496,138881,25972,3613,16057,9298,9298,5072,.35633117,.42675158,1,.24107143,435,0,,,,,
2021-05-22,476,270,72,134,1193,574,72,532,132,15,101,58,58,35,427,144380,111418,9674,23288,700154,568422,21076,107028,139308,26104,3628,16158,9356,9356,5107,.39899412,.47038329,1,.25187969,436,0,,,,,
2021-05-23,116,54,2,60,308,87,2,203,32,16,96,56,56,34,91,144496,111472,9676,23348,700462,568509,21078,107231,139399,26136,3644,16254,9412,9412,5141,.37662336,.62068963,1,.2955665,437,0,,,,,
2021-05-24,712,443,65,204,2095,1287,65,724,152,19,91,49,49,35,627,145208,111915,9741,23552,702557,569796,21143,107955,140026,26288,3663,16345,9461,9461,5176,.3398568,.34421134,1,.28176796,438,0,,,,,
2021-05-25,826,564,112,150,2602,1827,112,649,167,14,107,60,60,41,744,146034,112479,9853,23702,705159,571623,21255,108604,140770,26455,3677,16452,9521,9521,5217,.31744811,.3087028,1,.2311248,439,0,,,,,
2021-05-26,619,406,58,155,2106,1373,58,656,134,19,66,42,42,19,428,146653,112885,9911,23857,707265,572996,21313,109260,141198,26589,3696,16518,9563,9563,5236,.29392213,.29570284,1,.23628049,440,0,,,,,
2021-05-27,659,452,59,148,2074,1272,59,731,126,12,68,30,30,34,408,147312,113337,9970,24005,709339,574268,21372,109991,141606,26715,3708,16586,9593,9593,5270,.31774348,.3553459,1,.20246238,441,0,,,,,
2021-05-28,586,373,55,158,1799,993,55,732,120,19,81,36,36,34,469,147898,113710,10025,24163,711138,575261,21427,110723,142075,26835,3727,16667,9629,9629,5304,.32573652,.3756294,1,.215847,442,0,,,,,
2021-05-29,776,539,106,131,1863,1182,106,555,190,20,67,24,24,36,583,148674,114249,10131,24294,713001,576443,21533,111278,142658,27025,3747,16734,9653,9653,5340,.41653249,.45600677,1,.23603603,443,0,,,,,
2021-05-30,85,18,6,61,334,53,6,255,32,20,53,29,29,21,112,148759,114267,10137,24355,713335,576496,21539,111533,142770,27057,3767,16787,9682,9682,5361,.25449103,.33962265,1,.23921569,444,0,,,,,
2021-05-31,508,276,31,201,1568,763,31,762,82,12,65,29,29,34,788,149267,114543,10168,24556,714903,577259,21570,112295,143558,27139,3779,16852,9711,9711,5395,.32397959,.36173001,1,.26377952,445,0,,,,,
2021-06-01,296,92,50,154,1034,306,50,662,99,16,106,49,49,52,827,149563,114635,10218,24710,715937,577565,21620,112957,144385,27238,3795,16958,9760,9760,5447,.28626692,.30065361,1,.23262841,446,0,,,,,
2021-06-02,304,91,50,163,1011,259,50,687,100,15,79,36,36,35,683,149867,114726,10268,24873,716948,577824,21670,113644,145068,27338,3810,17037,9796,9796,5482,.30069238,.35135135,1,.23726347,447,0,,,,,
2021-06-03,312,129,39,144,1020,325,39,640,97,16,88,52,52,35,692,150179,114855,10307,25017,717968,578149,21709,114284,145760,27435,3826,17125,9848,9848,5517,.30588236,.39692307,1,.22499999,448,0,,,,,
2021-06-04,339,172,25,142,1016,356,25,620,84,15,63,38,38,24,616,150518,115027,10332,25159,718984,578505,21734,114904,146376,27519,3841,17188,9886,9886,5541,.33366141,.48314607,1,.22903226,449,0,,,,,
2021-06-05,312,126,52,134,898,277,52,560,113,9,73,41,41,24,746,150830,115153,10384,25293,719882,578782,21786,115464,147122,27632,3850,17261,9927,9927,5565,.34743875,.45487365,1,.23928571,450,0,,,,,
2021-06-06,49,8,1,40,247,24,1,213,14,9,83,55,55,27,86,150879,115161,10385,25333,720129,578806,21787,115677,147208,27646,3859,17344,9982,9982,5592,.19838056,.33333334,1,.18779343,451,0,,,,,
2021-06-07,425,221,44,160,1470,764,44,651,104,11,80,43,43,32,548,151304,115382,10429,25493,721599,579570,21831,116328,147756,27750,3870,17424,10025,10025,5624,.28911564,.289267,1,.24577573,452,0,,,,,
2021-06-08,481,264,60,157,1513,816,60,621,109,16,78,37,37,39,363,151785,115646,10489,25650,723112,580386,21891,116949,148119,27859,3886,17502,10062,10062,5663,.31791145,.32352942,1,.25281805,453,0,,,,,
2021-06-09,454,271,53,130,1653,879,53,713,102,8,76,45,45,25,313,152239,115917,10542,25780,724765,581265,21944,117662,148432,27961,3894,17578,10107,10107,5688,.27465215,.30830491,1,.18232819,454,0,,,,,
2021-06-10,378,189,63,126,1268,574,64,619,99,11,111,72,72,29,337,152617,116106,10605,25906,726033,581839,22008,118281,148769,28060,3905,17689,10179,10179,5717,.29810727,.32926831,.984375,.20355412,455,0,,,,,
2021-06-11,434,274,41,119,1498,803,41,643,86,11,48,22,22,23,390,153051,116380,10646,26025,727531,582642,22049,118924,149159,28146,3916,17737,10201,10201,5740,.28971961,.34122041,1,.18506998,456,0,,,,,
2021-06-12,228,62,56,110,766,193,56,509,100,8,85,51,51,28,366,153279,116442,10702,26135,728297,582835,22105,119433,149525,28246,3924,17822,10252,10252,5768,.29765013,.32124352,1,.21611002,457,0,,,,,
2021-06-13,64,14,1,49,289,38,1,243,15,7,63,37,37,18,77,153343,116456,10703,26184,728586,582873,22106,119676,149602,28261,3931,17885,10289,10289,5786,.22145329,.36842105,1,.20164609,458,0,,,,,
2021-06-14,242,68,29,145,941,220,29,678,74,14,62,33,33,23,456,153585,116524,10732,26329,729527,583093,22135,120354,150058,28335,3945,17947,10322,10322,5809,.25717321,.30909091,1,.21386431,459,0,,,,,
2021-06-15,266,71,103,92,838,198,103,532,130,5,65,40,40,20,468,153851,116595,10835,26421,730365,583291,22238,120886,150526,28465,3950,18012,10362,10362,5829,.31742242,.35858586,1,.17293233,460,0,,,,,
2021-06-16,186,42,51,93,805,169,51,579,80,6,66,29,29,30,481,154037,116637,10886,26514,731170,583460,22289,121465,151007,28545,3956,18078,10391,10391,5859,.2310559,.24852072,1,.16062176,461,0,,,,,
2021-06-17,212,82,37,93,970,218,37,700,66,15,63,33,33,28,375,154249,116719,10923,26607,732140,583678,22326,122165,151382,28611,3971,18141,10424,10424,5887,.2185567,.37614679,1,.13285714,462,0,,,,,
2021-06-18,224,107,44,73,951,391,44,512,74,4,65,34,34,27,439,154473,116826,10967,26680,733091,584069,22370,122677,151821,28685,3975,18206,10458,10458,5914,.23554154,.27365729,1,.14257813,463,0,,,,,
2021-06-19,187,54,39,94,730,175,39,507,75,9,86,48,48,34,249,154660,116880,11006,26774,733821,584244,22409,123184,152070,28760,3984,18292,10506,10506,5948,.25616437,.30857143,1,.18540435,464,0,,,,,
2021-06-20,62,25,0,37,252,48,0,196,21,8,77,51,51,22,53,154722,116905,11006,26811,734073,584292,22409,123380,152123,28781,3992,18369,10557,10557,5970,.24603175,.52083331,,.18877551,465,0,,,,,
2021-06-21,406,209,26,171,1361,484,26,841,91,10,59,32,32,23,279,155128,117114,11032,26982,735434,584776,22435,124221,152402,28872,4002,18428,10589,10589,5993,.29831007,.43181819,1,.20332937,466,0,,,,,
2021-06-22,233,67,76,90,950,169,76,698,118,7,50,27,27,20,283,155361,117181,11108,27072,736384,584945,22511,124919,152685,28990,4009,18478,10616,10616,6013,.24526316,.39644971,1,.12893982,467,0,,,,,
2021-06-23,205,68,36,101,904,178,36,684,77,6,60,38,38,18,231,155566,117249,11144,27173,737288,585123,22547,125603,152916,29067,4015,18538,10654,10654,6031,.22676991,.38202247,1,.14766082,468,0,,,,,
2021-06-24,140,40,35,65,627,111,35,472,67,9,60,33,33,25,275,155706,117289,11179,27238,737915,585234,22582,126075,153191,29134,4024,18598,10687,10687,6056,.22328548,.36036035,1,.13771187,469,0,,,,,
2021-06-25,177,61,24,92,994,164,24,799,56,7,49,24,24,23,266,155883,117350,11203,27330,738909,585398,22606,126874,153457,29190,4031,18647,10711,10711,6079,.17806841,.37195122,1,.11514393,470,0,,,,,
2021-06-26,204,80,55,69,752,186,55,507,87,4,58,33,33,23,220,156087,117430,11258,27399,739661,585584,22661,127381,153677,29277,4035,18705,10744,10744,6102,.27127659,.43010753,1,.13609467,471,0,,,,,
2021-06-27,77,24,8,45,304,43,8,248,25,5,50,27,27,21,76,156164,117454,11266,27444,739965,585627,22669,127629,153753,29302,4040,18755,10771,10771,6123,.25328946,.55813956,1,.18145162,472,0,,,,,
2021-06-28,260,95,49,116,926,205,49,663,111,9,45,24,24,17,373,156424,117549,11315,27560,740891,585832,22718,128292,154126,29413,4049,18800,10795,10795,6140,.28077754,.46341464,1,.1749623,473,0,,,,,
2021-06-29,136,40,32,64,556,84,32,434,65,6,43,26,26,17,265,156560,117589,11347,27624,741447,585916,22750,128726,154391,29478,4055,18843,10821,10821,6157,.24460432,.47619048,1,.14746544,474,0,,,,,
2021-06-30,185,79,22,84,950,230,22,697,49,1,33,20,20,12,215,156745,117668,11369,27708,742397,586146,22772,129423,154606,29527,4056,18876,10841,10841,6169,.19473684,.34347826,1,.1205165,475,0,,,,,
2021-07-01,225,74,59,92,854,198,59,591,90,6,59,38,38,20,169,156970,117742,11428,27800,743251,586344,22831,130014,154775,29617,4062,18935,10879,10879,6189,.26346603,.37373737,1,.15566836,476,0,,,,,
2021-07-02,157,59,32,66,653,157,32,458,62,6,48,31,31,14,184,157127,117801,11460,27866,743904,586501,22863,130472,154959,29679,4068,18983,10910,10910,6203,.24042879,.37579617,1,.14410481,477,0,,,,,
2021-07-03,117,47,25,45,642,131,25,481,40,5,38,18,18,15,212,157244,117848,11485,27911,744546,586632,22888,130953,155171,29719,4073,19021,10928,10928,6218,.18224299,.35877863,1,.093555093,478,0,,,,,
2021-07-04,31,10,0,21,323,60,0,256,9,7,38,27,27,8,57,157275,117858,11485,27932,744869,586692,22888,131209,155228,29728,4080,19059,10955,10955,6226,.095975235,.16666667,,.08203125,479,0,,,,,
2021-07-05,176,66,21,89,1065,176,21,860,53,8,39,23,23,14,285,157451,117924,11506,28021,745934,586868,22909,132069,155513,29781,4088,19098,10978,10978,6240,.16525821,.375,1,.10348837,480,0,,,,,
2021-07-06,184,83,43,58,762,155,43,560,68,4,20,14,14,5,211,157635,118007,11549,28079,746696,587023,22952,132629,155724,29849,4092,19118,10992,10992,6245,.24146982,.5354839,1,.10357143,481,0,,,,,
2021-07-07,160,63,35,62,783,142,35,604,52,2,24,11,11,11,208,157795,118070,11584,28141,747479,587165,22987,133233,155932,29901,4094,19142,11003,11003,6256,.20434228,.44366196,1,.102649,482,0,,,,,
2021-07-08,128,40,27,61,753,143,27,575,43,8,29,16,16,12,175,157923,118110,11611,28202,748232,587308,23014,133808,156107,29944,4102,19171,11019,11019,6268,.16998672,.27972028,1,.10608695,483,0,,,,,
2021-07-09,143,62,27,54,721,170,27,520,47,4,30,20,20,10,173,158066,118172,11638,28256,748953,587478,23041,134328,156280,29991,4106,19201,11039,11039,6278,.19833565,.36470589,1,.10384616,484,0,,,,,
2021-07-10,117,52,22,43,705,146,22,533,37,4,53,29,29,22,179,158183,118224,11660,28299,749658,587624,23063,134861,156459,30028,4110,19254,11068,11068,6300,.16595745,.3561644,1,.080675423,485,0,,,,,
2021-07-11,54,24,1,29,250,52,1,192,13,5,31,18,18,12,66,158237,118248,11661,28328,749908,587676,23064,135053,156525,30041,4115,19285,11086,11086,6312,.21600001,.46153846,1,.15104167,486,0,,,,,
2021-07-12,158,78,14,66,908,212,14,677,39,5,64,35,35,24,249,158395,118326,11675,28394,750816,587888,23078,135730,156774,30080,4120,19349,11121,11121,6336,.17400882,.36792454,1,.097488925,487,0,,,,,
2021-07-13,141,45,35,61,660,164,35,460,58,1,39,20,20,17,176,158536,118371,11710,28455,751476,588052,23113,136190,156950,30138,4121,19388,11141,11141,6353,.21363637,.27439025,1,.1326087,488,0,,,,,
2021-07-14,142,62,23,57,627,128,23,467,51,9,31,14,14,16,174,158678,118433,11733,28512,752103,588180,23136,136657,157124,30189,4130,19419,11155,11155,6369,.22647528,.484375,1,.12205567,489,0,,,,,
2021-07-15,131,44,28,59,625,112,28,483,48,2,37,21,21,15,187,158809,118477,11761,28571,752728,588292,23164,137140,157311,30237,4132,19456,11176,11176,6384,.2096,.39285713,1,.12215321,490,0,,,,,
2021-07-16,135,55,30,50,693,119,30,538,53,6,18,7,7,7,161,158944,118532,11791,28621,753421,588411,23194,137678,157472,30290,4138,19474,11183,11183,6391,.19480519,.46218488,1,.092936806,491,0,,,,,
2021-07-17,136,39,39,58,714,128,39,543,59,4,24,11,11,13,120,159080,118571,11830,28679,754135,588539,23233,138221,157592,30349,4142,19498,11194,11194,6404,.19047619,.3046875,1,.106814,492,0,,,,,
2021-07-18,22,10,0,12,240,23,0,214,6,3,36,17,17,16,47,159102,118581,11830,28691,754375,588562,23233,138435,157639,30355,4145,19534,11211,11211,6420,.091666669,.43478259,,.056074765,493,0,,,,,
2021-07-19,128,64,6,58,807,152,6,646,33,3,43,20,20,20,186,159230,118645,11836,28749,755182,588714,23239,139081,157825,30388,4148,19577,11231,11231,6440,.15861215,.42105263,1,.089783281,494,0,,,,,
2021-07-20,105,34,29,42,487,78,29,377,57,3,45,24,24,20,150,159335,118679,11865,28791,755669,588792,23268,139458,157975,30445,4151,19622,11255,11255,6460,.21560575,.43589744,1,.11140583,495,0,,,,,
2021-07-21,147,97,5,45,694,301,5,386,31,2,15,8,8,6,161,159482,118776,11870,28836,756363,589093,23273,139844,158136,30476,4153,19637,11263,11263,6466,.21181557,.32225913,1,.11658031,496,0,,,,,
2021-07-22,218,166,10,42,1080,630,10,439,29,1,39,28,28,11,136,159700,118942,11880,28878,757443,589723,23283,140283,158272,30505,4154,19676,11291,11291,6477,.20185184,.26349208,1,.095671982,497,0,,,,,
2021-07-23,325,236,32,57,1401,804,32,562,48,3,31,17,17,12,135,160025,119178,11912,28935,758844,590527,23315,140845,158407,30553,4157,19707,11308,11308,6489,.23197716,.29353234,1,.10142349,498,0,,,,,
2021-07-24,111,53,28,30,660,187,28,444,45,1,30,22,22,8,100,160136,119231,11940,28965,759504,590714,23343,141289,158507,30598,4158,19737,11330,11330,6497,.16818182,.28342247,1,.067567565,499,0,,,,,
2021-07-25,33,12,3,18,273,45,3,224,11,1,32,24,24,7,40,160169,119243,11943,28983,759777,590759,23346,141513,158547,30609,4159,19769,11354,11354,6504,.12087912,.26666668,1,.080357142,500,0,,,,,
2021-07-26,112,50,10,52,727,118,10,598,27,1,32,22,22,9,144,160281,119293,11953,29035,760504,590877,23356,142111,158691,30636,4160,19801,11376,11376,6513,.15405777,.42372882,1,.086956523,501,0,,,,,
2021-07-27,144,52,39,53,636,128,39,465,62,4,38,26,26,12,125,160425,119345,11992,29088,761140,591005,23395,142576,158816,30698,4164,19839,11402,11402,6525,.2264151,.40625,1,.1139785,502,0,,,,,
2021-07-28,44,19,1,24,313,49,1,259,9,4,37,27,27,7,174,160469,119364,11993,29112,761453,591054,23396,142835,158990,30707,4168,19876,11429,11429,6532,.14057508,.3877551,1,.092664093,503,0,,,,,
2021-07-29,56,22,4,30,358,39,4,313,17,2,31,19,19,9,253,160525,119386,11997,29142,761811,591093,23400,143148,159243,30724,4170,19907,11448,11448,6541,.15642458,.56410259,1,.095846646,504,0,,,,,
2021-07-30,141,42,54,45,629,109,54,459,62,7,37,24,24,13,319,160666,119428,12051,29187,762440,591202,23454,143607,159562,30786,4177,19944,11472,11472,6554,.22416534,.38532111,1,.098039217,505,0,,,,,
2021-07-31,141,52,48,41,651,127,48,471,58,5,34,18,18,14,153,160807,119480,12099,29228,763091,591329,23502,144078,159715,30844,4182,19978,11490,11490,6568,.21658987,.40944883,1,.087048829,506,0,,,,,
2021-08-01,38,15,1,22,251,48,1,199,6,3,53,26,26,25,24,160845,119495,12100,29250,763342,591377,23503,144277,159739,30850,4185,20031,11516,11516,6593,.15139443,.3125,1,.11055277,507,0,,,,,
2021-08-02,129,54,17,58,793,159,17,614,42,3,47,32,32,13,114,160974,119549,12117,29308,764135,591536,23520,144891,159853,30892,4188,20078,11548,11548,6606,.1626734,.33962265,1,.094462544,508,0,,,,,
2021-08-03,113,40,25,48,628,108,25,491,42,4,22,16,16,6,128,161087,119589,12142,29356,764763,591644,23545,145382,159981,30934,4192,20100,11564,11564,6612,.1799363,.37037036,1,.097759672,509,0,,,,,
2021-08-04,80,35,3,42,569,110,4,452,15,3,29,17,17,12,70,161167,119624,12145,29398,765332,591754,23549,145834,160051,30949,4195,20129,11581,11581,6624,.14059754,.31818181,.75,.092920355,510,0,,,,,
2021-08-05,117,30,37,50,597,100,37,455,57,5,20,12,12,7,77,161284,119654,12182,29448,765929,591854,23586,146289,160128,31006,4200,20149,11593,11593,6631,.19597989,.30000001,1,.10989011,511,0,,,,,
2021-08-06,125,41,40,44,720,100,40,578,50,2,17,7,7,10,129,161409,119695,12222,29492,766649,591954,23626,146867,160257,31056,4202,20166,11600,11600,6641,.1736111,.41,1,.076124564,512,0,,,,,
2021-08-07,137,65,28,44,631,156,28,445,50,2,19,13,13,6,110,161546,119760,12250,29536,767280,592110,23654,147312,160367,31106,4204,20185,11613,11613,6647,.21711569,.41666666,1,.098876402,513,0,,,,,
2021-08-08,21,4,1,16,262,13,1,247,5,1,38,26,26,12,35,161567,119764,12251,29552,767542,592123,23655,147559,160402,31111,4205,20223,11639,11639,6659,.080152668,.30769232,1,.06477733,514,0,,,,,
2021-08-09,119,46,20,53,699,105,20,571,33,3,24,17,17,7,117,161686,119810,12271,29605,768241,592228,23675,148130,160519,31144,4208,20247,11656,11656,6666,.1702432,.43809524,1,.092819616,515,0,,,,,
2021-08-10,92,36,21,35,543,105,21,416,31,1,49,40,40,9,130,161778,119846,12292,29640,768784,592333,23696,148546,160649,31175,4209,20296,11696,11696,6675,.16942909,.34285715,1,.084134616,516,0,,,,,
2021-08-11,114,47,12,55,567,101,12,449,31,5,32,21,21,11,64,161892,119893,12304,29695,769351,592434,23708,148995,160713,31206,4214,20328,11717,11717,6686,.20105819,.46534654,1,.12249443,517,0,,,,,
2021-08-12,93,34,24,35,595,94,27,472,32,2,22,13,13,9,64,161985,119927,12328,29730,769946,592528,23735,149467,160777,31238,4216,20350,11730,11730,6695,.15630253,.36170211,.8888889,.074152544,518,0,,,,,
2021-08-13,95,24,30,41,611,75,32,501,41,3,26,21,21,4,141,162080,119951,12358,29771,770557,592603,23767,149968,160918,31279,4219,20376,11751,11751,6699,.15548281,.31999999,.9375,.081836328,519,0,,,,,
2021-08-14,92,24,26,42,709,68,26,614,30,1,26,21,21,5,156,162172,119975,12384,29813,771266,592671,23793,150582,161074,31309,4220,20402,11772,11772,6704,.12976022,.35294119,1,.068403907,520,0,,,,,
2021-08-15,26,3,2,21,347,14,2,328,5,3,40,32,32,8,27,162198,119978,12386,29834,771613,592685,23795,150910,161101,31314,4223,20442,11804,11804,6712,.074927956,.21428572,1,.064024389,521,0,,,,,
2021-08-16,133,45,30,58,692,119,30,538,49,5,32,22,22,10,120,162331,120023,12416,29892,772305,592804,23825,151448,161221,31363,4228,20474,11826,11826,6722,.19219653,.37815127,1,.10780669,522,0,,,,,
2021-08-17,104,30,37,37,676,94,37,540,43,5,21,18,18,3,113,162435,120053,12453,29929,772981,592898,23862,151988,161334,31406,4233,20495,11844,11844,6725,.15384616,.31914893,1,.068518519,523,0,,,,,
2021-08-18,104,28,28,48,601,90,28,482,42,1,29,20,20,9,92,162539,120081,12481,29977,773582,592988,23890,152470,161426,31448,4234,20524,11864,11864,6734,.17304492,.31111112,1,.099585064,524,0,,,,,
2021-08-19,125,44,32,49,585,106,32,445,47,2,29,15,15,14,119,162664,120125,12513,30026,774167,593094,23922,152915,161545,31495,4236,20553,11879,11879,6748,.21367522,.41509435,1,.11011236,525,0,,,,,
2021-08-20,89,26,22,41,596,89,22,483,32,2,29,23,23,6,111,162753,120151,12535,30067,774763,593183,23944,153398,161656,31527,4238,20582,11902,11902,6754,.14932886,.29213482,1,.084886126,526,0,,,,,
2021-08-21,72,25,28,19,526,71,28,425,35,2,23,10,10,12,96,162825,120176,12563,30086,775289,593254,23972,153823,161752,31562,4240,20605,11912,11912,6766,.13688213,.35211268,1,.044705883,527,0,,,,,
2021-08-22,23,3,1,19,264,11,1,250,10,2,16,6,6,8,21,162848,120179,12564,30105,775553,593265,23973,154073,161773,31572,4242,20621,11918,11918,6774,.087121211,.27272728,1,.075999998,528,0,,,,,
2021-08-23,84,18,17,49,604,62,17,522,29,3,20,16,16,4,120,162932,120197,12581,30154,776157,593327,23990,154595,161893,31601,4245,20641,11934,11934,6778,.13907285,.29032257,1,.093869731,529,0,,,,,
2021-08-24,102,31,36,35,626,80,37,506,43,3,18,11,11,5,85,163034,120228,12617,30189,776783,593407,24027,155101,161978,31644,4248,20659,11945,11945,6783,.1629393,.38749999,.97297299,.069169961,530,0,,,,,
2021-08-25,91,28,17,46,559,64,18,477,29,0,26,19,19,6,95,163125,120256,12634,30235,777342,593471,24045,155578,162073,31673,4248,20685,11964,11964,6789,.1627907,.4375,.94444442,.096436061,531,0,,,,,
2021-08-26,71,32,1,38,506,70,2,431,16,3,16,5,5,11,103,163196,120288,12635,30273,777848,593541,24047,156009,162176,31689,4251,20701,11969,11969,6800,.1403162,.45714286,.5,.088167056,532,0,,,,,
2021-08-27,82,39,12,31,519,71,14,433,20,1,26,16,16,9,95,163278,120327,12647,30304,778367,593612,24061,156442,162271,31709,4252,20727,11985,11985,6809,.15799615,.54929578,.85714287,.07159353,533,0,,,,,
2021-08-28,83,27,21,35,545,63,48,434,31,0,17,13,13,4,92,163361,120354,12668,30339,778912,593675,24109,156876,162363,31740,4252,20744,11998,11998,6813,.15229358,.42857143,.4375,.080645159,534,0,,,,,
2021-08-29,22,7,5,10,219,18,5,195,7,1,10,10,10,0,26,163383,120361,12673,30349,779131,593693,24114,157071,162389,31747,4253,20754,12008,12008,6813,.10045662,.3888889,1,.051282052,535,0,,,,,
2021-08-30,55,14,8,33,301,33,8,259,16,1,25,17,17,8,108,163438,120375,12681,30382,779432,593726,24122,157330,162497,31763,4254,20779,12025,12025,6821,.18272425,.42424244,1,.12741312,536,0,,,,,
2021-08-31,83,27,12,44,602,84,14,504,23,0,28,17,17,11,103,163521,120402,12693,30426,780034,593810,24136,157834,162600,31786,4254,20807,12042,12042,6832,.13787375,.32142857,.85714287,.08730159,537,0,,,,,
2021-09-01,65,23,8,34,494,65,12,416,15,1,42,33,33,8,105,163586,120425,12701,30460,780528,593875,24148,158250,162705,31801,4255,20849,12075,12075,6840,.13157895,.35384616,.66666669,.081730768,538,0,,,,,
2021-09-02,87,34,5,48,550,87,29,433,22,1,27,23,23,3,113,163673,120459,12706,30508,781078,593962,24177,158683,162818,31823,4256,20876,12098,12098,6843,.15818182,.39080459,.1724138,.11085451,539,0,,,,,
2021-09-03,119,35,39,45,702,102,112,486,55,2,27,21,21,4,102,163792,120494,12745,30553,781780,594064,24289,159169,162920,31878,4258,20903,12119,12119,6847,.16951567,.34313726,.3482143,.09259259,540,0,,,,,
2021-09-04,80,31,20,29,565,71,80,413,25,1,34,24,24,10,74,163872,120525,12765,30582,782345,594135,24369,159582,162994,31903,4259,20937,12143,12143,6857,.14159292,.43661973,.25,.070217915,541,0,,,,,
2021-09-05,18,4,2,12,228,9,3,211,4,5,21,16,16,5,27,163890,120529,12767,30594,782573,594144,24372,159793,163021,31907,4264,20958,12159,12159,6862,.078947365,.44444445,.66666669,.056872036,542,0,,,,,
2021-09-06,94,30,11,53,646,79,35,530,23,2,29,20,20,9,80,163984,120559,12778,30647,783219,594223,24407,160323,163101,31930,4266,20987,12179,12179,6871,.14551084,.37974682,.31428573,.1,543,0,,,,,
2021-09-07,127,37,43,47,731,131,150,447,52,3,29,19,19,10,95,164111,120596,12821,30694,783950,594354,24557,160770,163196,31982,4269,21016,12198,12198,6881,.17373461,.28244275,.28666666,.10514542,544,0,,,,,
2021-09-08,59,19,12,28,591,44,82,463,22,2,9,6,6,3,85,164170,120615,12833,30722,784541,594398,24639,161233,163281,32004,4271,21025,12204,12204,6884,.099830799,.43181819,.14634146,.060475163,545,0,,,,,
2021-09-09,81,21,28,32,624,63,113,445,33,3,11,7,7,4,72,164251,120636,12861,30754,785165,594461,24752,161678,163353,32037,4274,21036,12211,12211,6888,.1298077,.33333334,.24778761,.071910113,546,0,,,,,
2021-09-10,99,28,29,42,795,94,153,547,47,1,6,1,1,4,78,164350,120664,12890,30796,785960,594555,24905,162225,163431,32084,4275,21042,12212,12212,6892,.1245283,.29787233,.18954249,.07678245,547,0,,,,,
2021-09-11,104,29,36,39,615,66,122,426,48,1,,,,,89,164454,120693,12926,30835,786575,594621,25027,162651,163520,32132,4276,21042,12212,12212,6892,.16910569,.43939394,.29508197,.091549292,548,0,,,,,
2021-09-12,18,2,0,16,206,8,4,193,2,1,1,0,0,1,19,164472,120695,12926,30851,786781,594629,25031,162844,163539,32134,4277,21043,12212,12212,6893,.087378643,.25,0,.082901552,549,0,,,,,
2021-09-13,77,18,17,42,583,54,57,471,25,1,,,,,70,164549,120713,12943,30893,787364,594683,25088,163315,163609,32159,4278,21043,12212,12212,6893,.13207547,.33333334,.29824561,.089171976,550,0,,,,,
2021-09-14,0,0,0,0,43,0,0,42,0,1,,,,,99,164549,120713,12943,30893,787407,594683,25088,163357,163708,32159,4279,21043,12212,12212,6893,0,,,0,551,0,,,,,
2021-09-15,,,,,,,,,,,,,,,61,164549,120713,12943,30893,787407,594683,25088,163357,163769,32159,4279,21043,12212,12212,6893,,,,,552,,,,,,
2021-09-16,,,,,,,,,,,,,,,77,164549,120713,12943,30893,787407,594683,25088,163357,163846,32159,4279,21043,12212,12212,6893,,,,,553,,,,,,
2021-09-17,,,,,,,,,,,,,,,112,164549,120713,12943,30893,787407,594683,25088,163357,163958,32159,4279,21043,12212,12212,6893,,,,,554,,,,,,
2021-09-18,,,,,,,,,,,,,,,78,164549,120713,12943,30893,787407,594683,25088,163357,164036,32159,4279,21043,12212,12212,6893,,,,,555,,,,,,
2021-09-19,,,,,,,,,,,,,,,14,164549,120713,12943,30893,787407,594683,25088,163357,164050,32159,4279,21043,12212,12212,6893,,,,,556,,,,,,
2021-09-20,,,,,,,,,,,,,,,83,164549,120713,12943,30893,787407,594683,25088,163357,164133,32159,4279,21043,12212,12212,6893,,,,,557,,,,,,
2021-09-21,,,,,,,,,,,,,,,90,164549,120713,12943,30893,787407,594683,25088,163357,164223,32159,4279,21043,12212,12212,6893,,,,,558,,,,,,
2021-09-22,,,,,,,,,,,,,,,41,164549,120713,12943,30893,787407,594683,25088,163357,164264,32159,4279,21043,12212,12212,6893,,,,,559,,,,,,
2021-09-23,,,,,,,,,,,,,,,60,164549,120713,12943,30893,787407,594683,25088,163357,164324,32159,4279,21043,12212,12212,6893,,,,,560,,,,,,
2021-09-24,,,,,,,,,,,,,,,73,164549,120713,12943,30893,787407,594683,25088,163357,164397,32159,4279,21043,12212,12212,6893,,,,,561,,,,,,
2021-09-25,,,,,,,,,,,,,,,75,164549,120713,12943,30893,787407,594683,25088,163357,164472,32159,4279,21043,12212,12212,6893,,,,,562,,,,,,
2021-09-26,,,,,,,,,,,,,,,18,164549,120713,12943,30893,787407,594683,25088,163357,164490,32159,4279,21043,12212,12212,6893,,,,,563,,,,,,
2021-09-27,,,,,,,,,,,,,,,59,164549,120713,12943,30893,787407,594683,25088,163357,164549,32159,4279,21043,12212,12212,6893,,,,,564,,,,,,
,4,0,4,0,6,0,4,0,4,0,0,0,0,0,0,164553,120713,12947,30893,787413,594683,25092,163357,164549,32163,4279,21043,12212,12212,6893,.66666669,,1,,565,0,4,0,0,1,1
