fecha,UCI,NOUCI,NIVELII,UCIN
2020-07-01,.7777777777777778,.6666666666666666,,
2020-07-02,.7222222222222222,.6811594202898551,,
2020-07-03,.7222222222222222,.6811594202898551,,
2020-07-04,.7777777777777778,.7826086956521739,,
2020-07-05,.8888888888888888,.6811594202898551,,
2020-07-06,.6521739130434783,.5959595959595959,,
2020-07-07,.6086956521739131,.6565656565656566,,
2020-07-08,.5769230769230769,.6804123711340206,,
2020-07-09,.5384615384615384,.711340206185567,,
2020-07-10,.5769230769230769,.7731958762886598,,
2020-07-11,.8076923076923077,.7525773195876289,,
2020-07-12,.7692307692307693,.7938144329896907,,
2020-07-13,.8076923076923077,.4111675126903553,,
2020-07-14,.8076923076923077,.4162436548223351,,
2020-07-15,.7692307692307693,.4619289340101523,,
2020-07-16,.7692307692307693,.5482233502538071,,
2020-07-17,.7307692307692307,.6446700507614214,,
2020-07-18,.8,.6954314720812182,,
2020-07-19,.76,.7411167512690355,,
2020-07-20,.8333333333333334,.7972972972972973,,
2020-07-21,.875,.7837837837837838,,
2020-07-22,.875,.7837837837837838,,
2020-07-23,.84,.8018018018018018,,
2020-07-24,.84,.9144144144144144,,
2020-07-25,.92,.9099099099099099,,
2020-07-26,.88,.9099099099099099,,
2020-07-27,.88,.9459459459459459,,
2020-07-28,.92,.9324324324324325,,
2020-07-29,.92,.9819819819819819,,
2020-07-30,.92,1.045045045045045,,
2020-07-31,.96,1.09009009009009,,
2020-08-01,.96,1.054054054054054,0,
2020-08-02,.96,1.09009009009009,0,
2020-08-03,.96,1.126126126126126,0,
2020-08-04,.88,1.008547008547009,0,
2020-08-05,.96,1.063973063973064,0,
2020-08-06,.96,1.144781144781145,0,
2020-08-07,.9565217391304348,1.122186495176849,0,
2020-08-08,.9565217391304348,1.163987138263666,0,
2020-08-09,.9565217391304348,1.115755627009646,.2680412371134021,
2020-08-10,1.043478260869565,1.086816720257235,.2989690721649484,
2020-08-11,1.043478260869565,1.123417721518987,.3092783505154639,
2020-08-12,1.043478260869565,1.246835443037975,.3711340206185567,
2020-08-13,1.043478260869565,1.117816091954023,.3917525773195876,
2020-08-14,1.043478260869565,1.094827586206897,.3505154639175257,
2020-08-15,1.043478260869565,1.094827586206897,.3505154639175257,
2020-08-16,1.043478260869565,1.094827586206897,.3505154639175257,
2020-08-17,1.043478260869565,1.086206896551724,.3298969072164948,
2020-08-18,1.043478260869565,1.094827586206897,.3195876288659794,
2020-08-19,1.043478260869565,1.100574712643678,.3195876288659794,
2020-08-20,1.043478260869565,1.07183908045977,.3195876288659794,
2020-08-21,1.043478260869565,1.123209169054441,.3516483516483517,
2020-08-22,1,1.103151862464183,.3406593406593407,
2020-08-23,1,1.111747851002865,.3406593406593407,
2020-08-24,1,1.104651162790698,.4065934065934066,
2020-08-25,1,1.08187134502924,.3406593406593407,
2020-08-26,1.043478260869565,1.116959064327485,.3406593406593407,
2020-08-27,1.043478260869565,1.111111111111111,.3406593406593407,
2020-08-28,1.043478260869565,1.116959064327485,.3406593406593407,
2020-08-29,1.08695652173913,1.10233918128655,.3406593406593407,
2020-08-30,1.08695652173913,1.084795321637427,.3406593406593407,
2020-08-31,1.041666666666667,.8409090909090909,.3402061855670103,
2020-09-01,1.041666666666667,.8409090909090909,.3402061855670103,
2020-09-02,1,.844632768361582,.3917525773195876,
2020-09-03,1,.7853260869565217,.2577319587628866,
2020-09-04,1,.8070175438596491,.2474226804123711,
2020-09-05,.96,.7969924812030075,.2474226804123711,
2020-09-06,.96,.8270676691729323,.2474226804123711,
2020-09-07,.96,.8195488721804511,.2474226804123711,
2020-09-08,.96,.7167919799498746,.2474226804123711,
2020-09-09,1.037037037037037,.6643026004728132,.2268041237113402,
2020-09-10,.9629629629629629,.6771844660194175,.2783505154639175,
2020-09-11,.9259259259259259,.6771844660194175,.2474226804123711,
2020-09-12,1,.6577669902912622,.2783505154639175,
2020-09-13,1,.6237864077669902,.3298969072164948,
2020-09-14,1,.6067961165048543,.2783505154639175,
2020-09-15,1.037037037037037,.5970873786407767,.3402061855670103,
2020-09-16,1,.5776699029126213,.2577319587628866,
2020-09-17,1.037037037037037,.5703883495145631,.2783505154639175,
2020-09-18,1.037037037037037,.5695876288659794,.3092783505154639,
2020-09-19,.9629629629629629,.5850515463917526,.2989690721649484,
2020-09-20,.9629629629629629,.5824742268041238,.2989690721649484,
2020-09-21,.9259259259259259,.5773195876288659,.2429906542056075,
2020-09-22,.8888888888888888,.4932975871313673,.2616822429906542,
2020-09-23,.8888888888888888,.5067024128686327,.2429906542056075,
2020-09-24,.9411764705882353,.4959785522788204,.2429906542056075,
2020-09-25,.9411764705882353,.4691689008042895,.2429906542056075,
2020-09-26,.9117647058823529,.4879356568364611,.2429906542056075,
2020-09-27,.9411764705882353,.4959785522788204,.3076923076923077,
2020-09-28,.9411764705882353,.4959785522788204,.3076923076923077,
2020-09-29,.9411764705882353,.485254691689008,.3076923076923077,
2020-09-30,.9411764705882353,.4959785522788204,.3076923076923077,
2020-10-01,.9117647058823529,.4530831099195711,.3076923076923077,
2020-10-02,.9117647058823529,.4235924932975871,.2967032967032967,
2020-10-03,.9117647058823529,.4101876675603217,.2967032967032967,
2020-10-04,.9117647058823529,.4099722991689751,.2967032967032967,
2020-10-05,.9411764705882353,.4016620498614958,.2967032967032967,
2020-10-06,.9411764705882353,.4016620498614958,.2967032967032967,
2020-10-07,.8823529411764706,.4016620498614958,.3516483516483517,
2020-10-08,.9411764705882353,.4155124653739612,.3626373626373626,
2020-10-09,.8823529411764706,.3795013850415512,.3516483516483517,
2020-10-10,.8529411764705882,.3961218836565097,.3626373626373626,
2020-10-11,.8529411764705882,.4265927977839335,.2538461538461538,
2020-10-12,.8529411764705882,.3802816901408451,.2153846153846154,
2020-10-13,.9117647058823529,.3774647887323944,.2,
2020-10-14,.8823529411764706,.3760445682451253,.1333333333333333,
2020-10-15,.7941176470588235,.3565459610027855,.16,
2020-10-16,.8529411764705882,.3565459610027855,.1933333333333333,
2020-10-17,.8823529411764706,.3565459610027855,.1666666666666667,
2020-10-18,.8823529411764706,.3760445682451253,.1733333333333333,
2020-10-19,.8421052631578947,.3581560283687943,.18,
2020-10-20,.8421052631578947,.3333333333333333,.2,
2020-10-21,.7894736842105263,.3581560283687943,.2,
2020-10-22,.75,.3475177304964539,.1714285714285714,
2020-10-23,.75,.2907801418439716,.1428571428571428,
2020-10-24,.75,.2624113475177305,.1428571428571428,
2020-10-25,.6428571428571429,.2553191489361702,.1485714285714286,
2020-10-26,.6428571428571429,.2482269503546099,.1485714285714286,
2020-10-27,.6071428571428571,.2695035460992908,.1485714285714286,
2020-10-28,.5,.2588652482269503,.16,
2020-10-29,.5185185185185185,.2482269503546099,.16,
2020-10-30,.5925925925925926,.25177304964539,.1428571428571428,
2020-10-31,.5925925925925926,.1884816753926702,.1257142857142857,
2020-11-01,.5925925925925926,.1727748691099476,.1257142857142857,
2020-11-02,.5925925925925926,.143979057591623,.1351351351351351,
2020-11-03,.5555555555555556,.1335078534031414,.1135135135135135,
2020-11-04,.5185185185185185,.1487179487179487,.1081081081081081,
2020-11-05,.5185185185185185,.1641025641025641,.1351351351351351,
2020-11-06,.5185185185185185,.1923076923076923,.1297297297297297,
2020-11-07,.5555555555555556,.1948717948717949,.1297297297297297,
2020-11-08,.5555555555555556,.2744479495268139,.1243243243243243,
2020-11-09,.5925925925925926,.2996845425867508,.1243243243243243,
2020-11-10,.5925925925925926,.2681388012618297,.1243243243243243,
2020-11-11,.7407407407407407,.2681388012618297,.145945945945946,
2020-11-12,.7407407407407407,.2586750788643533,.1405405405405405,
2020-11-13,.7037037037037037,.2523659305993691,.1189189189189189,
2020-11-14,.7037037037037037,.2965299684542587,.1297297297297297,
2020-11-15,.7037037037037037,.2961783439490446,.1567567567567568,
2020-11-16,.7037037037037037,.2643312101910828,.172972972972973,
2020-11-17,.7037037037037037,.2292993630573248,.172972972972973,
2020-11-18,.7037037037037037,.2484076433121019,.172972972972973,
2020-11-19,.7407407407407407,.2484076433121019,.1891891891891892,
2020-11-20,.7407407407407407,.2579617834394904,.1621621621621622,
2020-11-21,.7407407407407407,.2484076433121019,.1621621621621622,
2020-11-22,.7037037037037037,.3057324840764331,.1675675675675676,
2020-11-23,.7407407407407407,.2721518987341772,.1675675675675676,
2020-11-24,.7407407407407407,.2689873417721519,.1567567567567568,
2020-11-25,.7777777777777778,.2594936708860759,.1567567567567568,
2020-11-26,.6666666666666666,.2594936708860759,.1567567567567568,
2020-11-27,.7407407407407407,.2848101265822785,.145945945945946,
2020-11-28,.7777777777777778,.2848101265822785,.145945945945946,
2020-11-29,.8148148148148148,.2911392405063291,.1405405405405405,
2020-11-30,.6666666666666666,.2626582278481013,.1513513513513514,
2020-12-01,.6296296296296297,.25,.1675675675675676,
2020-12-02,.7391304347826086,.2467948717948718,.172972972972973,
2020-12-03,.7391304347826086,.2467948717948718,.1675675675675676,
2020-12-04,.6956521739130435,.2435897435897436,.1675675675675676,
2020-12-05,.7391304347826086,.3076923076923077,.1783783783783784,
2020-12-06,.7826086956521739,.2980769230769231,.2,
2020-12-07,.7826086956521739,.2692307692307692,.1783783783783784,
2020-12-08,.6521739130434783,.2532051282051282,.1783783783783784,
2020-12-09,.7391304347826086,.2756410256410257,.1783783783783784,
2020-12-10,.6956521739130435,.2403846153846154,.2054054054054054,
2020-12-11,.6956521739130435,.2564102564102564,.2,
2020-12-12,.6521739130434783,.2596153846153846,.1837837837837838,
2020-12-13,.6956521739130435,.2435897435897436,.172972972972973,
2020-12-14,.6956521739130435,.2628205128205128,.172972972972973,
2020-12-15,.6956521739130435,.2692307692307692,.1675675675675676,
2020-12-16,.6956521739130435,.2628205128205128,.1675675675675676,
2020-12-17,.6956521739130435,.2596153846153846,.1675675675675676,
2020-12-18,.6956521739130435,.233974358974359,.1621621621621622,
2020-12-19,.7391304347826086,.2564102564102564,.1567567567567568,
2020-12-20,.7391304347826086,.2564102564102564,.1675675675675676,
2020-12-21,.7826086956521739,.2692307692307692,.1837837837837838,
2020-12-22,.7826086956521739,.2628205128205128,.2,
2020-12-23,.7826086956521739,.2147435897435897,.1675675675675676,
2020-12-24,.7826086956521739,.217948717948718,.172972972972973,
2020-12-25,.7826086956521739,.2051282051282051,.172972972972973,
2020-12-26,.7391304347826086,.2115384615384615,.1783783783783784,
2020-12-27,.7826086956521739,.2147435897435897,.1891891891891892,
2020-12-28,.7826086956521739,.2019230769230769,.1567567567567568,
2020-12-29,.7826086956521739,.2211538461538461,.1567567567567568,
2020-12-30,.7826086956521739,.2564102564102564,.2,
2020-12-31,.6956521739130435,.2147435897435897,.1567567567567568,
2021-01-01,.7391304347826086,.2115384615384615,.1567567567567568,
2021-01-02,.7391304347826086,.2115384615384615,.172972972972973,
2021-01-03,.7391304347826086,.2083333333333333,.1675675675675676,
2021-01-04,.7826086956521739,.2467948717948718,.1621621621621622,
2021-01-05,.7826086956521739,.266025641025641,.1675675675675676,
2021-01-06,.7826086956521739,.3461538461538461,.1675675675675676,
2021-01-07,.7826086956521739,.3301282051282051,.1945945945945946,
2021-01-08,.8571428571428571,.3685897435897436,.172972972972973,
2021-01-09,.72,.4006410256410257,.1945945945945946,
2021-01-10,.8695652173913043,.407051282051282,.2108108108108108,
2021-01-11,.8695652173913043,.3846153846153846,.2,
2021-01-12,.8695652173913043,.3653846153846154,.2216216216216216,
2021-01-13,.9130434782608695,.3493589743589743,.2432432432432433,
2021-01-14,.9130434782608695,.3717948717948718,.2432432432432433,
2021-01-15,.9565217391304348,.3493589743589743,.2324324324324324,
2021-01-16,.9565217391304348,.3461538461538461,.2540540540540541,
2021-01-17,1,.3557692307692308,.2648648648648649,
2021-01-18,1,.4006410256410257,.2,
2021-01-19,1,.3493589743589743,.2875,
2021-01-20,1,.3802816901408451,.2875,
2021-01-21,.84,.4054054054054054,.1882352941176471,
2021-01-22,.8695652173913043,.3846153846153846,.1882352941176471,
2021-01-23,.8260869565217391,.3846153846153846,.1882352941176471,
2021-01-24,.9130434782608695,.3846153846153846,.1882352941176471,
2021-01-25,.8695652173913043,.4743589743589743,.3081395348837209,
2021-01-26,.8260869565217391,.4967948717948718,.2790697674418605,
2021-01-27,.9130434782608695,.4615384615384616,.3255813953488372,
2021-01-28,.9130434782608695,.4519230769230769,.3111111111111111,
2021-01-29,.9130434782608695,.4807692307692308,.3125,
2021-01-30,.9166666666666666,.4903846153846154,.3125,
2021-01-31,.9166666666666666,.4487179487179487,.3125,
2021-02-01,.92,.4486301369863014,.3854748603351955,
2021-02-02,.92,.4486301369863014,.3854748603351955,
2021-02-03,.875,.3951890034364261,.3128491620111732,
2021-02-04,.875,.4020618556701031,.3128491620111732,
2021-02-05,.8571428571428571,.436426116838488,.3184357541899441,
2021-02-06,.8571428571428571,.476063829787234,.335195530726257,
2021-02-07,.8571428571428571,.4148936170212766,.3240223463687151,
2021-02-08,.9428571428571428,.5169712793733682,.3184357541899441,
2021-02-09,.9714285714285714,.5328282828282829,.3240223463687151,
2021-02-10,.9714285714285714,.5771144278606966,.3463687150837989,
2021-02-11,.9428571428571428,.5728643216080402,.2857142857142857,
2021-02-12,.9428571428571428,.6781326781326781,.28,
2021-02-13,.9428571428571428,.6113861386138614,.3371428571428571,
2021-02-14,.9428571428571428,.6089108910891089,.3257142857142857,
2021-02-15,.9714285714285714,.581453634085213,.3885714285714286,
2021-02-16,.9444444444444444,.581453634085213,.3885714285714286,
2021-02-17,.9428571428571428,.5800970873786407,.3128491620111732,
2021-02-18,.9444444444444444,.662621359223301,.2737430167597765,
2021-02-19,1,.6101694915254238,.2737430167597765,
2021-02-20,1,.6138613861386139,.3128491620111732,
2021-02-21,.9487179487179487,.6165413533834586,.3072625698324022,
2021-02-22,.9487179487179487,.6165413533834586,.3128491620111732,
2021-02-23,.9487179487179487,.6262376237623762,.2722222222222222,
2021-02-24,.9487179487179487,.681592039800995,.2722222222222222,
2021-02-25,.9487179487179487,.6838235294117647,.2513966480446927,
2021-02-26,1,.7047146401985112,.2960893854748604,
2021-02-27,1,.6475,.2793296089385475,
2021-02-28,.95,.6314496314496314,.217877094972067,
2021-03-01,.9487179487179487,.6577017114914425,.2122905027932961,
2021-03-02,.95,.6454767726161369,.2122905027932961,
2021-03-03,.9487179487179487,.6604215456674473,.2457142857142857,
2021-03-04,.9487179487179487,.6950354609929078,.2625698324022346,
2021-03-05,.925,.6580188679245284,.2742857142857143,
2021-03-06,.9,.6594724220623501,.36,
2021-03-07,.9,.540133779264214,.2857142857142857,
2021-03-08,.9,.5357737104825291,.2681564245810056,
2021-03-09,.9,.5125208681135225,.2849162011173184,
2021-03-10,.9,.5221238938053098,.2849162011173184,
2021-03-11,.9,.5212014134275619,.2849162011173184,
2021-03-12,.9,.5212014134275619,.2849162011173184,
2021-03-13,.9,.5212014134275619,.2849162011173184,
2021-03-14,.9,.5212014134275619,.2849162011173184,
2021-03-15,.9,.5212014134275619,.2849162011173184,
2021-03-16,.9,.5212014134275619,.2849162011173184,
2021-03-17,1,.5376344086021505,.3364928909952606,
2021-03-18,1,.5017921146953405,.3364928909952606,
2021-03-19,1,.5117967332123412,.3088235294117647,
2021-03-20,.9534883720930233,.5401069518716578,.3490566037735849,
2021-03-21,.9534883720930233,.5401069518716578,.3490566037735849,
2021-03-22,1,.5452930728241563,.3490566037735849,
2021-03-23,1,.5519031141868512,.3774509803921569,
2021-03-24,1,.5471014492753623,.3774509803921569,
2021-03-25,1,.5369369369369369,.3431372549019608,
2021-03-26,.8604651162790697,.5,.3079178885630499,
2021-03-27,.8604651162790697,.5,.3079178885630499,
2021-03-28,.8604651162790697,.5072254335260116,.3079178885630499,
2021-03-29,1,.5204081632653061,.3044776119402985,
2021-03-30,1,.5804195804195804,.3529411764705883,
2021-03-31,1,.5345132743362832,.2476635514018692,
2021-04-01,1,.5345132743362832,.2476635514018692,
2021-04-02,1,.5345132743362832,.2476635514018692,
2021-04-03,1,.5345132743362832,.2476635514018692,
2021-04-04,1,.5345132743362832,.2476635514018692,
2021-04-05,1,.5345132743362832,.2476635514018692,
2021-04-06,1,.5345132743362832,.2476635514018692,
2021-04-07,1,.5345132743362832,.2476635514018692,
2021-04-08,1,.5345132743362832,.2476635514018692,
2021-04-09,1,.5345132743362832,.2476635514018692,
2021-04-10,1,.5345132743362832,.2476635514018692,
2021-04-11,1,.5345132743362832,.2476635514018692,
2021-04-12,1,.5345132743362832,.2476635514018692,
2021-04-13,1,.5721153846153846,.331858407079646,
2021-04-14,1,.6059654631083202,.3644067796610169,
2021-04-15,1,.5758998435054773,.3485477178423236,
2021-04-16,1,.5758998435054773,.3485477178423236,
2021-04-17,1,.5738724727838258,.3651452282157676,
2021-04-18,1,.5046728971962616,.3485477178423236,
2021-04-19,.8666666666666667,.5132192846034215,.3734439834024896,
2021-04-20,1,.5132192846034215,.3734439834024896,
2021-04-21,1,.5117370892018779,.3734439834024896,
2021-04-22,1,.5639810426540285,.3659574468085106,
2021-04-23,1,.5639810426540285,.3659574468085106,
2021-04-24,1,.5639810426540285,.3659574468085106,
2021-04-25,1,.5639810426540285,.3659574468085106,
2021-04-26,1,.5072,.3392070484581498,
2021-04-27,1,.5302547770700637,.4713656387665198,
2021-04-28,1,.61101243339254,.4506172839506173,
2021-04-29,1,.6264274061990212,.4811320754716981,
2021-04-30,1,.6264274061990212,.4811320754716981,
2021-05-01,1,.6264274061990212,.4811320754716981,
2021-05-02,1,.6264274061990212,.4811320754716981,
2021-05-03,1,.5942028985507246,.3590909090909091,
2021-05-04,1,.573268921095008,.3363636363636364,
2021-05-05,1,.571658615136876,.3590909090909091,
2021-05-06,1,.6378737541528239,.5074626865671642,
2021-05-07,1,.5668276972624798,.4181818181818182,
2021-05-08,1,.5668276972624798,.4181818181818182,
2021-05-09,1,.5668276972624798,.4181818181818182,
2021-05-10,1,.6378737541528239,.5074626865671642,
2021-05-11,1,.5305466237942122,.3574660633484163,
2021-05-12,1,.531502423263328,.3936651583710407,
2021-05-13,1,.5627009646302251,.4389140271493213,
2021-05-14,1,.5700483091787439,.4636363636363636,
2021-05-15,1,.5700483091787439,.4636363636363636,
2021-05-16,1,.5395569620253164,.3852813852813853,
2021-05-17,1,.569620253164557,.3982683982683983,
2021-05-18,1,.5723076923076923,.4257028112449799,
2021-05-19,1,.5659509202453987,.4223107569721116,
2021-05-20,1,.5475460122699386,.4223107569721116,
2021-05-21,1,.5521472392638037,.4223107569721116,
2021-05-22,1,.5521472392638037,.4223107569721116,
2021-05-23,1,.5616224648985959,.4416666666666667,
2021-05-24,1,.5616224648985959,.4416666666666667,
2021-05-25,1,.5522620904836193,.4291666666666666,
2021-05-26,1,.5351014040561622,.4125,
2021-05-27,1,.53198127925117,.4166666666666667,
2021-05-28,1,.5117004680187207,.4,
2021-05-29,1,.5023400936037441,.4,
2021-05-30,1,.4977029096477795,.3928571428571428,0
2021-05-31,1,.4809741248097412,.3928571428571428,.7857142857142857
2021-06-01,1,.4696048632218845,.3715415019762846,.8571428571428571
2021-06-02,1,.4355828220858896,.3650793650793651,.8421052631578947
2021-06-03,1,.4355828220858896,.3650793650793651,.8421052631578947
2021-06-04,1,.4355828220858896,.3650793650793651,.8421052631578947
2021-06-05,1,.4355828220858896,.3650793650793651,.8421052631578947
2021-06-06,1,.4355828220858896,.3650793650793651,.8421052631578947
2021-06-07,1,.4301075268817204,.3107569721115538,.8947368421052632
2021-06-08,1,.423963133640553,.3107569721115538,.9473684210526315
2021-06-09,1,.3947772657450077,.2868525896414343,.631578947368421
2021-06-10,1,.3907692307692308,.272,.5263157894736842
2021-06-11,1,.3907692307692308,.272,.5263157894736842
2021-06-12,1,.3907692307692308,.272,.5263157894736842
2021-06-13,1,.3907692307692308,.272,.5263157894736842
2021-06-14,1,.36,.248,.4210526315789473
2021-06-15,1,.3630769230769231,.256,.3684210526315789
2021-06-16,1,.3707692307692308,.248,.3684210526315789
2021-06-17,1,.3538461538461539,.232,.5789473684210527
2021-06-18,1,.3461538461538461,.224,.631578947368421
2021-06-19,1,.3461538461538461,.224,.631578947368421
2021-06-20,1,.3461538461538461,.224,.631578947368421
2021-06-21,1,.3098159509202454,.2142857142857143,1
2021-06-22,1,.3082822085889571,.2142857142857143,1
2021-06-23,1,.3251533742331288,.2380952380952381,.8947368421052632
2021-06-24,1,.3251533742331288,.2380952380952381,.8947368421052632
2021-06-25,1,.303680981595092,.2261904761904762,.631578947368421
2021-06-26,1,.303680981595092,.2261904761904762,.631578947368421
2021-06-27,1,.303680981595092,.2261904761904762,.631578947368421
2021-06-28,1,.2748447204968944,.2142857142857143,1
2021-06-29,1,.2748447204968944,.2142857142857143,1
2021-06-30,1,.2686335403726708,.2103174603174603,1
2021-07-01,1,.265527950310559,.1984126984126984,1
2021-07-02,1,.2839313572542902,.2088353413654618,1
2021-07-03,1,.2839313572542902,.2088353413654618,1
2021-07-04,1,.2839313572542902,.2088353413654618,1
2021-07-05,.9743589743589743,.30625,.2016129032258064,.8947368421052632
2021-07-06,.9743589743589743,.2953125,.1935483870967742,.8947368421052632
2021-07-07,1,.2640625,.2056451612903226,.631578947368421
2021-07-08,1,.2609375,.2056451612903226,.6842105263157895
2021-07-09,1,.2625,.2056451612903226,.631578947368421
2021-07-10,1,.2625,.2056451612903226,.631578947368421
2021-07-11,1,.2625,.2056451612903226,.631578947368421
2021-07-12,1,.2625,.2056451612903226,.631578947368421
2021-07-13,1,.2612752721617418,.2071713147410359,.4
2021-07-14,1,.2574102964118565,.2008032128514056,.4
2021-07-15,1,.2542901716068643,.2048192771084337,.44
2021-07-16,1,.2468553459119497,.1807228915662651,.4545454545454545
2021-07-17,1,.2468553459119497,.1807228915662651,.4545454545454545
2021-07-18,1,.2512,.1890756302521008,.3636363636363636
2021-07-19,1,.2272,.1428571428571428,.4166666666666667
2021-07-20,1,.2368,.1512605042016807,.48
2021-07-21,1,.2288,.134453781512605,.52
2021-07-22,1,.2336,.1554621848739496,.52
2021-07-23,1,.224,.1596638655462185,.6
2021-07-24,1,.224,.1596638655462185,.6
2021-07-25,1,.220125786163522,.1526104417670683,.8
2021-07-26,1,.220125786163522,.1566265060240964,.84
2021-07-27,1,.2106918238993711,.1526104417670683,.84
2021-07-28,1,.2106918238993711,.1526104417670683,.84
2021-07-29,1,.2106918238993711,.1526104417670683,.84
2021-07-30,1,.2075471698113208,.1485943775100401,.8
2021-07-31,1,.2075471698113208,.1485943775100401,.8
2021-08-01,1,.2075471698113208,.1485943775100401,.8
2021-08-02,1,.2065040650406504,.128,.84
2021-08-03,1,.2065040650406504,.128,.84
2021-08-04,1,.2178861788617886,.132,.8
2021-08-05,.9743589743589743,.1664050235478807,.072,.88
2021-08-06,.9743589743589743,.1695447409733124,.072,.88
2021-08-07,.9743589743589743,.1695447409733124,.072,.88
2021-08-08,.9743589743589743,.1679748822605965,.068,.88
2021-08-09,.9743589743589743,.1868131868131868,.128,.88
2021-08-10,1,.1946624803767661,.144,.7391304347826086
2021-08-11,1,.2040816326530612,.152,.72
2021-08-12,1,.2040816326530612,.156,.5600000000000001
2021-08-13,1,.1805337519623234,.124,.5600000000000001
2021-08-14,1,.1805337519623234,.124,.5600000000000001
2021-08-15,1,.1805337519623234,.124,.5600000000000001
2021-08-16,1,.1836734693877551,.124,.5600000000000001
2021-08-17,.9743589743589743,.1679748822605965,.104,.64
2021-08-18,.9743589743589743,.1554160125588697,.088,.68
2021-08-19,.9743589743589743,.1507064364207221,.092,.68
2021-08-20,1,.1648351648351648,.088,.64
2021-08-21,1,.1648351648351648,.088,.64
2021-08-22,1,.1648351648351648,.088,.64
2021-08-23,1,.1650943396226415,.108433734939759,.6
2021-08-24,.9487179487179487,.169811320754717,.1124497991967871,.52
2021-08-25,.9487179487179487,.1574803149606299,.1169354838709677,.4
2021-08-26,.9487179487179487,.1763779527559055,.1088709677419355,.44
2021-08-27,.9743589743589743,.1753554502369668,.1097560975609756,.36
2021-08-28,.9743589743589743,.1753554502369668,.1097560975609756,.36
2021-08-29,.9743589743589743,.1753554502369668,.1097560975609756,.36
2021-08-30,.9743589743589743,.1753554502369668,.1097560975609756,.36
2021-08-31,.9230769230769231,.1719242902208202,.0975609756097561,.44
2021-09-01,.9743589743589743,.1516587677725119,.0934959349593496,.4
2021-09-02,.9230769230769231,.1531100478468899,.0958333333333333,.4
2021-09-03,.9230769230769231,.1339712918660287,.0916666666666667,.32
2021-09-04,.9230769230769231,.1339712918660287,.0916666666666667,.32
2021-09-05,.9210526315789473,.1339712918660287,.0916666666666667,.32
2021-09-06,.8205128205128205,.1523809523809524,.1193415637860082,.4333333333333333
2021-09-07,.7948717948717948,.1433070866141732,.1169354838709677,.4666666666666667
2021-09-08,.7948717948717948,.158307210031348,.1155378486055777,.3333333333333333
2021-09-09,.7435897435897436,.163265306122449,.108,.2666666666666667
2021-09-10,.7948717948717948,.1459968602825746,.12,.2666666666666667
2021-09-11,.7948717948717948,.1459968602825746,.12,.2666666666666667
2021-09-12,.7948717948717948,.1459968602825746,.12,.2666666666666667
2021-09-13,.8918918918918919,.1520376175548589,.1115537848605578,.3333333333333333
2021-09-14,.8918918918918919,.1520376175548589,.1115537848605578,.3333333333333333
2021-09-15,.8918918918918919,.1520376175548589,.1115537848605578,.3333333333333333
2021-09-16,.8918918918918919,.1520376175548589,.1115537848605578,.3333333333333333
2021-09-17,.925,.164576802507837,.1235059760956175,.4
2021-09-18,.925,.164576802507837,.1235059760956175,.4
2021-09-19,.925,.164576802507837,.1235059760956175,.4
2021-09-20,.8974358974358975,.1551724137931035,.1195219123505976,.3666666666666666
2021-09-21,.8974358974358975,.1511811023622047,.0887096774193548,.4
2021-09-22,.8974358974358975,.1492063492063492,.097165991902834,.4516129032258064
2021-09-23,.9230769230769231,.1347962382445141,.0876494023904383,.5
2021-09-24,.9230769230769231,.1442006269592477,.0916334661354582,.5
2021-09-25,.9230769230769231,.1442006269592477,.0916334661354582,.5
2021-09-26,.9230769230769231,.1442006269592477,.0916334661354582,.5
2021-09-27,.9487179487179487,.162754303599374,.1115537848605578,.4
2021-09-28,.9743589743589743,.1517996870109546,.1075697211155379,.4
2021-09-29,.9743589743589743,.1533646322378717,.1115537848605578,.4
2021-09-30,.9487179487179487,.1705790297339593,.1155378486055777,.3333333333333333
2021-10-01,.9743589743589743,.164576802507837,.1195219123505976,.4666666666666667
2021-10-02,.9743589743589743,.164576802507837,.1195219123505976,.4666666666666667
2021-10-03,.9743589743589743,.164576802507837,.1195219123505976,.4666666666666667
2021-10-04,.8717948717948718,.1433021806853582,.1155378486055777,.68
2021-10-05,.8717948717948718,.1510903426791277,.1195219123505976,.72
2021-10-06,.8461538461538461,.1417445482866043,.1075697211155379,.8
2021-10-07,.8205128205128205,.1421875,.0883534136546185,.84
2021-10-08,.8205128205128205,.1421875,.0883534136546185,.84
2021-10-09,.8205128205128205,.1421875,.0883534136546185,.84
2021-10-10,.8205128205128205,.1421875,.0883534136546185,.84
2021-10-11,.7692307692307693,.1419656786271451,.112,.5600000000000001
2021-10-12,.717948717948718,.1292834890965732,.1035856573705179,.6
2021-10-13,.717948717948718,.1292834890965732,.1035856573705179,.6
2021-10-14,.7692307692307693,.1246105919003115,.1067193675889328,.52
2021-10-15,.7948717948717948,.1088646967340591,.0873015873015873,.5600000000000001
2021-10-16,.7948717948717948,.1088646967340591,.0873015873015873,.5600000000000001
2021-10-17,.7948717948717948,.1088646967340591,.0873015873015873,.5600000000000001
2021-10-18,.7948717948717948,.1088646967340591,.0873015873015873,.5600000000000001
2021-10-19,.7435897435897436,.1121495327102804,.0677290836653386,.3793103448275862
2021-10-20,.717948717948718,.1181959564541213,.0634920634920635,.48
2021-10-21,.717948717948718,.1181959564541213,.0634920634920635,.48
2021-10-22,.717948717948718,.1181959564541213,.0634920634920635,.48
2021-10-23,.717948717948718,.1181959564541213,.0634920634920635,.48
2021-10-24,.7948717948717948,.1088646967340591,.0873015873015873,.5600000000000001
2021-10-25,.7948717948717948,.1088646967340591,.0873015873015873,.5600000000000001
2021-10-26,.7435897435897436,.1121495327102804,.0677290836653386,.3793103448275862
2021-10-27,.717948717948718,.1181959564541213,.0634920634920635,.48
2021-10-28,.717948717948718,.1181959564541213,.0634920634920635,.48
2021-10-29,.717948717948718,.1181959564541213,.0634920634920635,.48
2021-10-30,.717948717948718,.1181959564541213,.0634920634920635,.48
